region,date,attack_type,incidents,success_rate,severity_avg,post_reg,y,treated,year,month
Australia,2023-09-01,Brute Force,78,0.5512820512820513,4.8076923076923075,True,78,1,2023,9
Australia,2023-09-01,Cross-Site Scripting,97,0.44329896907216493,5.525773195876289,True,97,1,2023,9
Australia,2023-09-01,DDoS,72,0.5138888888888888,5.861111111111111,True,72,1,2023,9
Australia,2023-09-01,Malware,82,0.5121951219512195,5.7317073170731705,True,82,1,2023,9
Australia,2023-09-01,Phishing,96,0.5416666666666666,6.125,True,96,1,2023,9
Australia,2023-09-01,Ransomware,73,0.4794520547945205,4.767123287671233,True,73,1,2023,9
Australia,2023-09-01,SQL Injection,74,0.5135135135135135,4.986486486486487,True,74,1,2023,9
Australia,2023-09-01,Zero-Day Exploit,72,0.5416666666666666,5.388888888888889,True,72,1,2023,9
Australia,2023-10-01,Brute Force,111,0.5315315315315315,5.513513513513513,True,111,1,2023,10
Australia,2023-10-01,Cross-Site Scripting,104,0.5288461538461539,5.75,True,104,1,2023,10
Australia,2023-10-01,DDoS,103,0.44660194174757284,5.41747572815534,True,103,1,2023,10
Australia,2023-10-01,Malware,102,0.4803921568627451,5.450980392156863,True,102,1,2023,10
Australia,2023-10-01,Phishing,106,0.49056603773584906,5.566037735849057,True,106,1,2023,10
Australia,2023-10-01,Ransomware,98,0.5918367346938775,5.122448979591836,True,98,1,2023,10
Australia,2023-10-01,SQL Injection,95,0.5157894736842106,5.463157894736842,True,95,1,2023,10
Australia,2023-10-01,Zero-Day Exploit,91,0.5054945054945055,5.8901098901098905,True,91,1,2023,10
Australia,2023-11-01,Brute Force,99,0.5050505050505051,5.4646464646464645,True,99,1,2023,11
Australia,2023-11-01,Cross-Site Scripting,121,0.47107438016528924,4.851239669421488,True,121,1,2023,11
Australia,2023-11-01,DDoS,108,0.5833333333333334,5.305555555555555,True,108,1,2023,11
Australia,2023-11-01,Malware,107,0.48598130841121495,5.280373831775701,True,107,1,2023,11
Australia,2023-11-01,Phishing,100,0.48,5.64,True,100,1,2023,11
Australia,2023-11-01,Ransomware,108,0.48148148148148145,5.462962962962963,True,108,1,2023,11
Australia,2023-11-01,SQL Injection,91,0.4835164835164835,5.43956043956044,True,91,1,2023,11
Australia,2023-11-01,Zero-Day Exploit,104,0.4807692307692308,5.490384615384615,True,104,1,2023,11
Australia,2023-12-01,Brute Force,115,0.5391304347826087,5.6173913043478265,True,115,1,2023,12
Australia,2023-12-01,Cross-Site Scripting,99,0.5151515151515151,5.707070707070707,True,99,1,2023,12
Australia,2023-12-01,DDoS,99,0.6363636363636364,5.424242424242424,True,99,1,2023,12
Australia,2023-12-01,Malware,115,0.5304347826086957,5.791304347826087,True,115,1,2023,12
Australia,2023-12-01,Phishing,107,0.4485981308411215,5.4953271028037385,True,107,1,2023,12
Australia,2023-12-01,Ransomware,103,0.5242718446601942,5.728155339805825,True,103,1,2023,12
Australia,2023-12-01,SQL Injection,121,0.5289256198347108,5.1570247933884295,True,121,1,2023,12
Australia,2023-12-01,Zero-Day Exploit,129,0.5038759689922481,5.589147286821706,True,129,1,2023,12
Australia,2024-01-01,Brute Force,111,0.46846846846846846,5.594594594594595,True,111,1,2024,1
Australia,2024-01-01,Cross-Site Scripting,101,0.5445544554455446,5.356435643564357,True,101,1,2024,1
Australia,2024-01-01,DDoS,98,0.46938775510204084,5.295918367346939,True,98,1,2024,1
Australia,2024-01-01,Malware,86,0.45348837209302323,6.104651162790698,True,86,1,2024,1
Australia,2024-01-01,Phishing,122,0.45901639344262296,5.385245901639344,True,122,1,2024,1
Australia,2024-01-01,Ransomware,108,0.5092592592592593,5.944444444444445,True,108,1,2024,1
Australia,2024-01-01,SQL Injection,124,0.47580645161290325,5.387096774193548,True,124,1,2024,1
Australia,2024-01-01,Zero-Day Exploit,109,0.4036697247706422,5.963302752293578,True,109,1,2024,1
Australia,2024-02-01,Brute Force,95,0.42105263157894735,5.957894736842105,True,95,1,2024,2
Australia,2024-02-01,Cross-Site Scripting,88,0.48863636363636365,5.454545454545454,True,88,1,2024,2
Australia,2024-02-01,DDoS,107,0.4766355140186916,5.757009345794392,True,107,1,2024,2
Australia,2024-02-01,Malware,105,0.49523809523809526,4.895238095238096,True,105,1,2024,2
Australia,2024-02-01,Phishing,95,0.49473684210526314,5.347368421052631,True,95,1,2024,2
Australia,2024-02-01,Ransomware,82,0.47560975609756095,5.365853658536586,True,82,1,2024,2
Australia,2024-02-01,SQL Injection,74,0.5540540540540541,5.162162162162162,True,74,1,2024,2
Australia,2024-02-01,Zero-Day Exploit,100,0.47,5.61,True,100,1,2024,2
Australia,2024-03-01,Brute Force,101,0.594059405940594,5.465346534653466,True,101,1,2024,3
Australia,2024-03-01,Cross-Site Scripting,109,0.46788990825688076,5.935779816513762,True,109,1,2024,3
Australia,2024-03-01,DDoS,114,0.4473684210526316,5.62280701754386,True,114,1,2024,3
Australia,2024-03-01,Malware,124,0.46774193548387094,5.935483870967742,True,124,1,2024,3
Australia,2024-03-01,Phishing,108,0.5648148148148148,5.796296296296297,True,108,1,2024,3
Australia,2024-03-01,Ransomware,101,0.5247524752475248,5.554455445544554,True,101,1,2024,3
Australia,2024-03-01,SQL Injection,103,0.4563106796116505,5.495145631067961,True,103,1,2024,3
Australia,2024-03-01,Zero-Day Exploit,117,0.5299145299145299,5.564102564102564,True,117,1,2024,3
Australia,2024-04-01,Brute Force,107,0.4766355140186916,5.757009345794392,True,107,1,2024,4
Australia,2024-04-01,Cross-Site Scripting,110,0.5,5.6454545454545455,True,110,1,2024,4
Australia,2024-04-01,DDoS,95,0.5789473684210527,5.463157894736842,True,95,1,2024,4
Australia,2024-04-01,Malware,111,0.5765765765765766,5.621621621621622,True,111,1,2024,4
Australia,2024-04-01,Phishing,117,0.5555555555555556,4.982905982905983,True,117,1,2024,4
Australia,2024-04-01,Ransomware,98,0.4387755102040816,5.561224489795919,True,98,1,2024,4
Australia,2024-04-01,SQL Injection,116,0.5172413793103449,4.982758620689655,True,116,1,2024,4
Australia,2024-04-01,Zero-Day Exploit,103,0.49514563106796117,5.854368932038835,True,103,1,2024,4
Australia,2024-05-01,Brute Force,112,0.5446428571428571,5.910714285714286,True,112,1,2024,5
Australia,2024-05-01,Cross-Site Scripting,78,0.5384615384615384,5.82051282051282,True,78,1,2024,5
Australia,2024-05-01,DDoS,120,0.5,5.491666666666666,True,120,1,2024,5
Australia,2024-05-01,Malware,99,0.494949494949495,5.4646464646464645,True,99,1,2024,5
Australia,2024-05-01,Phishing,103,0.5145631067961165,5.990291262135922,True,103,1,2024,5
Australia,2024-05-01,Ransomware,88,0.3977272727272727,5.863636363636363,True,88,1,2024,5
Australia,2024-05-01,SQL Injection,124,0.532258064516129,5.419354838709677,True,124,1,2024,5
Australia,2024-05-01,Zero-Day Exploit,100,0.5,5.33,True,100,1,2024,5
Australia,2024-06-01,Brute Force,90,0.5222222222222223,5.466666666666667,True,90,1,2024,6
Australia,2024-06-01,Cross-Site Scripting,106,0.4528301886792453,5.632075471698113,True,106,1,2024,6
Australia,2024-06-01,DDoS,90,0.4222222222222222,5.2,True,90,1,2024,6
Australia,2024-06-01,Malware,93,0.5268817204301075,5.849462365591398,True,93,1,2024,6
Australia,2024-06-01,Phishing,97,0.44329896907216493,5.164948453608248,True,97,1,2024,6
Australia,2024-06-01,Ransomware,101,0.4752475247524752,5.514851485148514,True,101,1,2024,6
Australia,2024-06-01,SQL Injection,113,0.49557522123893805,6.123893805309734,True,113,1,2024,6
Australia,2024-06-01,Zero-Day Exploit,111,0.5135135135135135,5.252252252252252,True,111,1,2024,6
Australia,2024-07-01,Brute Force,106,0.4811320754716981,5.688679245283019,True,106,1,2024,7
Australia,2024-07-01,Cross-Site Scripting,105,0.5619047619047619,5.142857142857143,True,105,1,2024,7
Australia,2024-07-01,DDoS,85,0.5058823529411764,5.670588235294118,True,85,1,2024,7
Australia,2024-07-01,Malware,112,0.5267857142857143,5.455357142857143,True,112,1,2024,7
Australia,2024-07-01,Phishing,92,0.4673913043478261,5.119565217391305,True,92,1,2024,7
Australia,2024-07-01,Ransomware,123,0.5203252032520326,5.08130081300813,True,123,1,2024,7
Australia,2024-07-01,SQL Injection,105,0.5714285714285714,5.466666666666667,True,105,1,2024,7
Australia,2024-07-01,Zero-Day Exploit,110,0.6,5.363636363636363,True,110,1,2024,7
Australia,2024-08-01,Brute Force,95,0.4631578947368421,5.4,True,95,1,2024,8
Australia,2024-08-01,Cross-Site Scripting,107,0.42990654205607476,5.570093457943925,True,107,1,2024,8
Australia,2024-08-01,DDoS,114,0.5614035087719298,5.885964912280702,True,114,1,2024,8
Australia,2024-08-01,Malware,102,0.5294117647058824,5.9411764705882355,True,102,1,2024,8
Australia,2024-08-01,Phishing,98,0.5612244897959183,5.214285714285714,True,98,1,2024,8
Australia,2024-08-01,Ransomware,114,0.49122807017543857,6.026315789473684,True,114,1,2024,8
Australia,2024-08-01,SQL Injection,88,0.4659090909090909,5.420454545454546,True,88,1,2024,8
Australia,2024-08-01,Zero-Day Exploit,88,0.5795454545454546,5.375,True,88,1,2024,8
Australia,2024-09-01,Brute Force,16,0.5,5.6875,True,16,1,2024,9
Australia,2024-09-01,Cross-Site Scripting,21,0.7142857142857143,5.285714285714286,True,21,1,2024,9
Australia,2024-09-01,DDoS,18,0.4444444444444444,5.222222222222222,True,18,1,2024,9
Australia,2024-09-01,Malware,16,0.4375,5.5,True,16,1,2024,9
Australia,2024-09-01,Phishing,12,0.3333333333333333,6.583333333333333,True,12,1,2024,9
Australia,2024-09-01,Ransomware,13,0.46153846153846156,3.8461538461538463,True,13,1,2024,9
Australia,2024-09-01,SQL Injection,16,0.625,5.8125,True,16,1,2024,9
Australia,2024-09-01,Zero-Day Exploit,13,0.3076923076923077,4.846153846153846,True,13,1,2024,9
Brazil,2023-09-01,Brute Force,82,0.5975609756097561,5.804878048780488,True,82,1,2023,9
Brazil,2023-09-01,Cross-Site Scripting,95,0.4421052631578947,5.442105263157894,True,95,1,2023,9
Brazil,2023-09-01,DDoS,101,0.5148514851485149,5.01980198019802,True,101,1,2023,9
Brazil,2023-09-01,Malware,108,0.5,5.4907407407407405,True,108,1,2023,9
Brazil,2023-09-01,Phishing,103,0.49514563106796117,5.650485436893204,True,103,1,2023,9
Brazil,2023-09-01,Ransomware,88,0.5454545454545454,5.284090909090909,True,88,1,2023,9
Brazil,2023-09-01,SQL Injection,85,0.611764705882353,5.658823529411765,True,85,1,2023,9
Brazil,2023-09-01,Zero-Day Exploit,88,0.5340909090909091,5.75,True,88,1,2023,9
Brazil,2023-10-01,Brute Force,95,0.5368421052631579,4.978947368421053,True,95,1,2023,10
Brazil,2023-10-01,Cross-Site Scripting,119,0.4957983193277311,5.756302521008403,True,119,1,2023,10
Brazil,2023-10-01,DDoS,116,0.5431034482758621,5.982758620689655,True,116,1,2023,10
Brazil,2023-10-01,Malware,108,0.5462962962962963,5.601851851851852,True,108,1,2023,10
Brazil,2023-10-01,Phishing,108,0.4722222222222222,5.787037037037037,True,108,1,2023,10
Brazil,2023-10-01,Ransomware,117,0.4188034188034188,5.051282051282051,True,117,1,2023,10
Brazil,2023-10-01,SQL Injection,110,0.5,5.472727272727273,True,110,1,2023,10
Brazil,2023-10-01,Zero-Day Exploit,121,0.512396694214876,5.68595041322314,True,121,1,2023,10
Brazil,2023-11-01,Brute Force,102,0.46078431372549017,5.421568627450981,True,102,1,2023,11
Brazil,2023-11-01,Cross-Site Scripting,129,0.5348837209302325,5.534883720930233,True,129,1,2023,11
Brazil,2023-11-01,DDoS,104,0.3942307692307692,5.153846153846154,True,104,1,2023,11
Brazil,2023-11-01,Malware,86,0.46511627906976744,5.767441860465116,True,86,1,2023,11
Brazil,2023-11-01,Phishing,91,0.3956043956043956,5.637362637362638,True,91,1,2023,11
Brazil,2023-11-01,Ransomware,104,0.47115384615384615,5.711538461538462,True,104,1,2023,11
Brazil,2023-11-01,SQL Injection,103,0.49514563106796117,5.932038834951456,True,103,1,2023,11
Brazil,2023-11-01,Zero-Day Exploit,99,0.41414141414141414,5.585858585858586,True,99,1,2023,11
Brazil,2023-12-01,Brute Force,100,0.45,5.47,True,100,1,2023,12
Brazil,2023-12-01,Cross-Site Scripting,110,0.5272727272727272,5.763636363636364,True,110,1,2023,12
Brazil,2023-12-01,DDoS,106,0.46226415094339623,5.169811320754717,True,106,1,2023,12
Brazil,2023-12-01,Malware,90,0.4888888888888889,5.611111111111111,True,90,1,2023,12
Brazil,2023-12-01,Phishing,113,0.5132743362831859,5.451327433628318,True,113,1,2023,12
Brazil,2023-12-01,Ransomware,109,0.47706422018348627,6.146788990825688,True,109,1,2023,12
Brazil,2023-12-01,SQL Injection,114,0.5,5.657894736842105,True,114,1,2023,12
Brazil,2023-12-01,Zero-Day Exploit,96,0.46875,5.09375,True,96,1,2023,12
Brazil,2024-01-01,Brute Force,122,0.5409836065573771,5.959016393442623,True,122,1,2024,1
Brazil,2024-01-01,Cross-Site Scripting,106,0.5566037735849056,4.933962264150943,True,106,1,2024,1
Brazil,2024-01-01,DDoS,111,0.5135135135135135,5.891891891891892,True,111,1,2024,1
Brazil,2024-01-01,Malware,115,0.43478260869565216,5.6173913043478265,True,115,1,2024,1
Brazil,2024-01-01,Phishing,103,0.5339805825242718,5.699029126213592,True,103,1,2024,1
Brazil,2024-01-01,Ransomware,112,0.5089285714285714,5.232142857142857,True,112,1,2024,1
Brazil,2024-01-01,SQL Injection,103,0.5145631067961165,5.514563106796117,True,103,1,2024,1
Brazil,2024-01-01,Zero-Day Exploit,90,0.5555555555555556,5.788888888888889,True,90,1,2024,1
Brazil,2024-02-01,Brute Force,100,0.46,5.88,True,100,1,2024,2
Brazil,2024-02-01,Cross-Site Scripting,111,0.3963963963963964,5.288288288288288,True,111,1,2024,2
Brazil,2024-02-01,DDoS,109,0.5504587155963303,5.770642201834862,True,109,1,2024,2
Brazil,2024-02-01,Malware,100,0.49,5.58,True,100,1,2024,2
Brazil,2024-02-01,Phishing,103,0.5533980582524272,5.436893203883495,True,103,1,2024,2
Brazil,2024-02-01,Ransomware,92,0.5760869565217391,5.5,True,92,1,2024,2
Brazil,2024-02-01,SQL Injection,92,0.5652173913043478,5.206521739130435,True,92,1,2024,2
Brazil,2024-02-01,Zero-Day Exploit,89,0.5393258426966292,5.0,True,89,1,2024,2
Brazil,2024-03-01,Brute Force,109,0.4954128440366973,5.6422018348623855,True,109,1,2024,3
Brazil,2024-03-01,Cross-Site Scripting,109,0.43119266055045874,5.798165137614679,True,109,1,2024,3
Brazil,2024-03-01,DDoS,116,0.45689655172413796,5.5344827586206895,True,116,1,2024,3
Brazil,2024-03-01,Malware,117,0.4700854700854701,5.452991452991453,True,117,1,2024,3
Brazil,2024-03-01,Phishing,95,0.5684210526315789,5.768421052631579,True,95,1,2024,3
Brazil,2024-03-01,Ransomware,99,0.5353535353535354,5.0,True,99,1,2024,3
Brazil,2024-03-01,SQL Injection,102,0.45098039215686275,5.617647058823529,True,102,1,2024,3
Brazil,2024-03-01,Zero-Day Exploit,109,0.5321100917431193,5.990825688073395,True,109,1,2024,3
Brazil,2024-04-01,Brute Force,112,0.5,5.3125,True,112,1,2024,4
Brazil,2024-04-01,Cross-Site Scripting,104,0.5192307692307693,5.711538461538462,True,104,1,2024,4
Brazil,2024-04-01,DDoS,90,0.3888888888888889,5.722222222222222,True,90,1,2024,4
Brazil,2024-04-01,Malware,92,0.532608695652174,5.25,True,92,1,2024,4
Brazil,2024-04-01,Phishing,88,0.48863636363636365,6.113636363636363,True,88,1,2024,4
Brazil,2024-04-01,Ransomware,111,0.4774774774774775,5.315315315315315,True,111,1,2024,4
Brazil,2024-04-01,SQL Injection,112,0.49107142857142855,5.669642857142857,True,112,1,2024,4
Brazil,2024-04-01,Zero-Day Exploit,126,0.47619047619047616,5.666666666666667,True,126,1,2024,4
Brazil,2024-05-01,Brute Force,110,0.39090909090909093,5.427272727272728,True,110,1,2024,5
Brazil,2024-05-01,Cross-Site Scripting,107,0.5327102803738317,5.177570093457944,True,107,1,2024,5
Brazil,2024-05-01,DDoS,91,0.4945054945054945,5.230769230769231,True,91,1,2024,5
Brazil,2024-05-01,Malware,97,0.4948453608247423,5.546391752577319,True,97,1,2024,5
Brazil,2024-05-01,Phishing,110,0.4727272727272727,5.263636363636364,True,110,1,2024,5
Brazil,2024-05-01,Ransomware,90,0.43333333333333335,5.511111111111111,True,90,1,2024,5
Brazil,2024-05-01,SQL Injection,97,0.44329896907216493,5.391752577319588,True,97,1,2024,5
Brazil,2024-05-01,Zero-Day Exploit,89,0.4606741573033708,6.112359550561798,True,89,1,2024,5
Brazil,2024-06-01,Brute Force,95,0.5578947368421052,5.221052631578948,True,95,1,2024,6
Brazil,2024-06-01,Cross-Site Scripting,85,0.43529411764705883,6.035294117647059,True,85,1,2024,6
Brazil,2024-06-01,DDoS,128,0.5625,5.8359375,True,128,1,2024,6
Brazil,2024-06-01,Malware,117,0.5128205128205128,5.6581196581196584,True,117,1,2024,6
Brazil,2024-06-01,Phishing,108,0.5370370370370371,5.416666666666667,True,108,1,2024,6
Brazil,2024-06-01,Ransomware,111,0.45045045045045046,5.216216216216216,True,111,1,2024,6
Brazil,2024-06-01,SQL Injection,116,0.5086206896551724,5.905172413793103,True,116,1,2024,6
Brazil,2024-06-01,Zero-Day Exploit,85,0.47058823529411764,5.329411764705882,True,85,1,2024,6
Brazil,2024-07-01,Brute Force,107,0.411214953271028,5.682242990654205,True,107,1,2024,7
Brazil,2024-07-01,Cross-Site Scripting,109,0.5688073394495413,5.385321100917431,True,109,1,2024,7
Brazil,2024-07-01,DDoS,120,0.475,5.466666666666667,True,120,1,2024,7
Brazil,2024-07-01,Malware,115,0.391304347826087,5.417391304347826,True,115,1,2024,7
Brazil,2024-07-01,Phishing,92,0.44565217391304346,5.032608695652174,True,92,1,2024,7
Brazil,2024-07-01,Ransomware,118,0.5508474576271186,6.110169491525424,True,118,1,2024,7
Brazil,2024-07-01,SQL Injection,88,0.5113636363636364,5.3522727272727275,True,88,1,2024,7
Brazil,2024-07-01,Zero-Day Exploit,89,0.39325842696629215,5.921348314606742,True,89,1,2024,7
Brazil,2024-08-01,Brute Force,109,0.44036697247706424,5.339449541284404,True,109,1,2024,8
Brazil,2024-08-01,Cross-Site Scripting,102,0.46078431372549017,5.313725490196078,True,102,1,2024,8
Brazil,2024-08-01,DDoS,103,0.4174757281553398,5.834951456310679,True,103,1,2024,8
Brazil,2024-08-01,Malware,97,0.4329896907216495,5.278350515463917,True,97,1,2024,8
Brazil,2024-08-01,Phishing,102,0.4215686274509804,4.970588235294118,True,102,1,2024,8
Brazil,2024-08-01,Ransomware,109,0.48623853211009177,5.376146788990826,True,109,1,2024,8
Brazil,2024-08-01,SQL Injection,132,0.4621212121212121,5.363636363636363,True,132,1,2024,8
Brazil,2024-08-01,Zero-Day Exploit,114,0.47368421052631576,6.184210526315789,True,114,1,2024,8
Brazil,2024-09-01,Brute Force,12,0.4166666666666667,5.416666666666667,True,12,1,2024,9
Brazil,2024-09-01,Cross-Site Scripting,15,0.3333333333333333,5.533333333333333,True,15,1,2024,9
Brazil,2024-09-01,DDoS,23,0.5217391304347826,5.3478260869565215,True,23,1,2024,9
Brazil,2024-09-01,Malware,12,0.4166666666666667,6.833333333333333,True,12,1,2024,9
Brazil,2024-09-01,Phishing,21,0.42857142857142855,5.238095238095238,True,21,1,2024,9
Brazil,2024-09-01,Ransomware,16,0.375,4.8125,True,16,1,2024,9
Brazil,2024-09-01,SQL Injection,24,0.375,5.625,True,24,1,2024,9
Brazil,2024-09-01,Zero-Day Exploit,19,0.42105263157894735,4.7894736842105265,True,19,1,2024,9
Canada,2023-09-01,Brute Force,93,0.5591397849462365,5.10752688172043,True,93,1,2023,9
Canada,2023-09-01,Cross-Site Scripting,107,0.5981308411214953,5.644859813084112,True,107,1,2023,9
Canada,2023-09-01,DDoS,85,0.4588235294117647,5.176470588235294,True,85,1,2023,9
Canada,2023-09-01,Malware,84,0.5119047619047619,5.392857142857143,True,84,1,2023,9
Canada,2023-09-01,Phishing,79,0.5316455696202531,6.30379746835443,True,79,1,2023,9
Canada,2023-09-01,Ransomware,80,0.3875,5.5125,True,80,1,2023,9
Canada,2023-09-01,SQL Injection,90,0.4444444444444444,5.566666666666666,True,90,1,2023,9
Canada,2023-09-01,Zero-Day Exploit,97,0.5257731958762887,5.680412371134021,True,97,1,2023,9
Canada,2023-10-01,Brute Force,103,0.5145631067961165,5.757281553398058,True,103,1,2023,10
Canada,2023-10-01,Cross-Site Scripting,109,0.5504587155963303,5.495412844036697,True,109,1,2023,10
Canada,2023-10-01,DDoS,89,0.5168539325842697,5.49438202247191,True,89,1,2023,10
Canada,2023-10-01,Malware,97,0.4742268041237113,5.649484536082475,True,97,1,2023,10
Canada,2023-10-01,Phishing,102,0.5294117647058824,5.107843137254902,True,102,1,2023,10
Canada,2023-10-01,Ransomware,111,0.45045045045045046,5.09009009009009,True,111,1,2023,10
Canada,2023-10-01,SQL Injection,110,0.5272727272727272,5.618181818181818,True,110,1,2023,10
Canada,2023-10-01,Zero-Day Exploit,102,0.49019607843137253,5.647058823529412,True,102,1,2023,10
Canada,2023-11-01,Brute Force,96,0.4895833333333333,5.1875,True,96,1,2023,11
Canada,2023-11-01,Cross-Site Scripting,114,0.543859649122807,5.394736842105263,True,114,1,2023,11
Canada,2023-11-01,DDoS,98,0.5408163265306123,5.6938775510204085,True,98,1,2023,11
Canada,2023-11-01,Malware,106,0.5188679245283019,5.349056603773585,True,106,1,2023,11
Canada,2023-11-01,Phishing,96,0.46875,5.677083333333333,True,96,1,2023,11
Canada,2023-11-01,Ransomware,88,0.5113636363636364,5.670454545454546,True,88,1,2023,11
Canada,2023-11-01,SQL Injection,86,0.5930232558139535,5.895348837209302,True,86,1,2023,11
Canada,2023-11-01,Zero-Day Exploit,102,0.4019607843137255,5.715686274509804,True,102,1,2023,11
Canada,2023-12-01,Brute Force,111,0.5495495495495496,5.333333333333333,True,111,1,2023,12
Canada,2023-12-01,Cross-Site Scripting,112,0.5267857142857143,6.232142857142857,True,112,1,2023,12
Canada,2023-12-01,DDoS,102,0.5392156862745098,5.431372549019608,True,102,1,2023,12
Canada,2023-12-01,Malware,129,0.5658914728682171,5.496124031007752,True,129,1,2023,12
Canada,2023-12-01,Phishing,117,0.48717948717948717,5.316239316239316,True,117,1,2023,12
Canada,2023-12-01,Ransomware,98,0.46938775510204084,5.714285714285714,True,98,1,2023,12
Canada,2023-12-01,SQL Injection,105,0.5142857142857142,5.533333333333333,True,105,1,2023,12
Canada,2023-12-01,Zero-Day Exploit,93,0.4731182795698925,5.838709677419355,True,93,1,2023,12
Canada,2024-01-01,Brute Force,114,0.5789473684210527,5.859649122807017,True,114,1,2024,1
Canada,2024-01-01,Cross-Site Scripting,106,0.4528301886792453,5.820754716981132,True,106,1,2024,1
Canada,2024-01-01,DDoS,121,0.4380165289256198,5.429752066115703,True,121,1,2024,1
Canada,2024-01-01,Malware,110,0.509090909090909,4.818181818181818,True,110,1,2024,1
Canada,2024-01-01,Phishing,111,0.45045045045045046,5.63963963963964,True,111,1,2024,1
Canada,2024-01-01,Ransomware,124,0.5564516129032258,5.306451612903226,True,124,1,2024,1
Canada,2024-01-01,SQL Injection,114,0.4298245614035088,5.526315789473684,True,114,1,2024,1
Canada,2024-01-01,Zero-Day Exploit,102,0.5098039215686274,5.509803921568627,True,102,1,2024,1
Canada,2024-02-01,Brute Force,96,0.4791666666666667,5.197916666666667,True,96,1,2024,2
Canada,2024-02-01,Cross-Site Scripting,89,0.5280898876404494,5.561797752808989,True,89,1,2024,2
Canada,2024-02-01,DDoS,103,0.47572815533980584,5.563106796116505,True,103,1,2024,2
Canada,2024-02-01,Malware,109,0.5045871559633027,5.605504587155964,True,109,1,2024,2
Canada,2024-02-01,Phishing,100,0.46,5.47,True,100,1,2024,2
Canada,2024-02-01,Ransomware,100,0.47,5.42,True,100,1,2024,2
Canada,2024-02-01,SQL Injection,103,0.44660194174757284,5.786407766990291,True,103,1,2024,2
Canada,2024-02-01,Zero-Day Exploit,94,0.5531914893617021,5.648936170212766,True,94,1,2024,2
Canada,2024-03-01,Brute Force,94,0.4787234042553192,5.23404255319149,True,94,1,2024,3
Canada,2024-03-01,Cross-Site Scripting,98,0.5612244897959183,5.010204081632653,True,98,1,2024,3
Canada,2024-03-01,DDoS,105,0.5523809523809524,5.066666666666666,True,105,1,2024,3
Canada,2024-03-01,Malware,109,0.45871559633027525,5.422018348623853,True,109,1,2024,3
Canada,2024-03-01,Phishing,97,0.4536082474226804,4.804123711340206,True,97,1,2024,3
Canada,2024-03-01,Ransomware,113,0.5221238938053098,5.504424778761062,True,113,1,2024,3
Canada,2024-03-01,SQL Injection,108,0.5462962962962963,5.824074074074074,True,108,1,2024,3
Canada,2024-03-01,Zero-Day Exploit,101,0.43564356435643564,5.554455445544554,True,101,1,2024,3
Canada,2024-04-01,Brute Force,90,0.5444444444444444,5.644444444444445,True,90,1,2024,4
Canada,2024-04-01,Cross-Site Scripting,86,0.5465116279069767,5.104651162790698,True,86,1,2024,4
Canada,2024-04-01,DDoS,105,0.5047619047619047,4.647619047619048,True,105,1,2024,4
Canada,2024-04-01,Malware,116,0.46551724137931033,5.431034482758621,True,116,1,2024,4
Canada,2024-04-01,Phishing,121,0.4793388429752066,5.454545454545454,True,121,1,2024,4
Canada,2024-04-01,Ransomware,90,0.5222222222222223,5.677777777777778,True,90,1,2024,4
Canada,2024-04-01,SQL Injection,118,0.423728813559322,5.52542372881356,True,118,1,2024,4
Canada,2024-04-01,Zero-Day Exploit,98,0.4387755102040816,5.346938775510204,True,98,1,2024,4
Canada,2024-05-01,Brute Force,94,0.5638297872340425,5.468085106382978,True,94,1,2024,5
Canada,2024-05-01,Cross-Site Scripting,109,0.48623853211009177,5.486238532110092,True,109,1,2024,5
Canada,2024-05-01,DDoS,111,0.4864864864864865,5.378378378378378,True,111,1,2024,5
Canada,2024-05-01,Malware,118,0.5,5.271186440677966,True,118,1,2024,5
Canada,2024-05-01,Phishing,126,0.49206349206349204,5.301587301587301,True,126,1,2024,5
Canada,2024-05-01,Ransomware,101,0.5445544554455446,5.079207920792079,True,101,1,2024,5
Canada,2024-05-01,SQL Injection,95,0.5578947368421052,5.4,True,95,1,2024,5
Canada,2024-05-01,Zero-Day Exploit,108,0.46296296296296297,5.611111111111111,True,108,1,2024,5
Canada,2024-06-01,Brute Force,110,0.4727272727272727,6.0181818181818185,True,110,1,2024,6
Canada,2024-06-01,Cross-Site Scripting,95,0.42105263157894735,5.242105263157895,True,95,1,2024,6
Canada,2024-06-01,DDoS,117,0.5811965811965812,5.333333333333333,True,117,1,2024,6
Canada,2024-06-01,Malware,104,0.5576923076923077,5.980769230769231,True,104,1,2024,6
Canada,2024-06-01,Phishing,102,0.5196078431372549,5.166666666666667,True,102,1,2024,6
Canada,2024-06-01,Ransomware,93,0.6236559139784946,5.32258064516129,True,93,1,2024,6
Canada,2024-06-01,SQL Injection,117,0.49572649572649574,5.923076923076923,True,117,1,2024,6
Canada,2024-06-01,Zero-Day Exploit,107,0.5607476635514018,5.5327102803738315,True,107,1,2024,6
Canada,2024-07-01,Brute Force,96,0.5208333333333334,5.8125,True,96,1,2024,7
Canada,2024-07-01,Cross-Site Scripting,102,0.46078431372549017,5.588235294117647,True,102,1,2024,7
Canada,2024-07-01,DDoS,96,0.53125,5.260416666666667,True,96,1,2024,7
Canada,2024-07-01,Malware,110,0.5363636363636364,5.263636363636364,True,110,1,2024,7
Canada,2024-07-01,Phishing,115,0.5478260869565217,5.765217391304348,True,115,1,2024,7
Canada,2024-07-01,Ransomware,105,0.6,5.276190476190476,True,105,1,2024,7
Canada,2024-07-01,SQL Injection,102,0.5588235294117647,5.705882352941177,True,102,1,2024,7
Canada,2024-07-01,Zero-Day Exploit,96,0.53125,5.364583333333333,True,96,1,2024,7
Canada,2024-08-01,Brute Force,96,0.4270833333333333,5.729166666666667,True,96,1,2024,8
Canada,2024-08-01,Cross-Site Scripting,115,0.5130434782608696,5.860869565217391,True,115,1,2024,8
Canada,2024-08-01,DDoS,111,0.43243243243243246,5.351351351351352,True,111,1,2024,8
Canada,2024-08-01,Malware,103,0.46601941747572817,5.504854368932039,True,103,1,2024,8
Canada,2024-08-01,Phishing,107,0.5327102803738317,5.616822429906542,True,107,1,2024,8
Canada,2024-08-01,Ransomware,112,0.49107142857142855,6.125,True,112,1,2024,8
Canada,2024-08-01,SQL Injection,113,0.5398230088495575,5.707964601769912,True,113,1,2024,8
Canada,2024-08-01,Zero-Day Exploit,100,0.56,5.51,True,100,1,2024,8
Canada,2024-09-01,Brute Force,13,0.5384615384615384,4.461538461538462,True,13,1,2024,9
Canada,2024-09-01,Cross-Site Scripting,12,0.16666666666666666,6.0,True,12,1,2024,9
Canada,2024-09-01,DDoS,19,0.5263157894736842,4.473684210526316,True,19,1,2024,9
Canada,2024-09-01,Malware,15,0.4,5.4,True,15,1,2024,9
Canada,2024-09-01,Phishing,18,0.7222222222222222,5.277777777777778,True,18,1,2024,9
Canada,2024-09-01,Ransomware,11,0.36363636363636365,5.545454545454546,True,11,1,2024,9
Canada,2024-09-01,SQL Injection,17,0.5882352941176471,6.0,True,17,1,2024,9
Canada,2024-09-01,Zero-Day Exploit,22,0.45454545454545453,6.318181818181818,True,22,1,2024,9
China,2023-09-01,Brute Force,106,0.5094339622641509,5.783018867924528,True,106,1,2023,9
China,2023-09-01,Cross-Site Scripting,84,0.4880952380952381,5.416666666666667,True,84,1,2023,9
China,2023-09-01,DDoS,76,0.4605263157894737,5.355263157894737,True,76,1,2023,9
China,2023-09-01,Malware,92,0.5217391304347826,5.891304347826087,True,92,1,2023,9
China,2023-09-01,Phishing,98,0.46938775510204084,5.3061224489795915,True,98,1,2023,9
China,2023-09-01,Ransomware,67,0.47761194029850745,5.313432835820896,True,67,1,2023,9
China,2023-09-01,SQL Injection,86,0.5116279069767442,5.476744186046512,True,86,1,2023,9
China,2023-09-01,Zero-Day Exploit,81,0.5432098765432098,5.234567901234568,True,81,1,2023,9
China,2023-10-01,Brute Force,97,0.4639175257731959,5.216494845360825,True,97,1,2023,10
China,2023-10-01,Cross-Site Scripting,94,0.574468085106383,5.446808510638298,True,94,1,2023,10
China,2023-10-01,DDoS,106,0.5754716981132075,5.613207547169812,True,106,1,2023,10
China,2023-10-01,Malware,93,0.4946236559139785,5.440860215053763,True,93,1,2023,10
China,2023-10-01,Phishing,92,0.532608695652174,5.326086956521739,True,92,1,2023,10
China,2023-10-01,Ransomware,98,0.5306122448979592,5.612244897959184,True,98,1,2023,10
China,2023-10-01,SQL Injection,117,0.5042735042735043,5.846153846153846,True,117,1,2023,10
China,2023-10-01,Zero-Day Exploit,108,0.4537037037037037,5.777777777777778,True,108,1,2023,10
China,2023-11-01,Brute Force,89,0.5730337078651685,5.53932584269663,True,89,1,2023,11
China,2023-11-01,Cross-Site Scripting,108,0.5833333333333334,5.444444444444445,True,108,1,2023,11
China,2023-11-01,DDoS,101,0.44554455445544555,5.594059405940594,True,101,1,2023,11
China,2023-11-01,Malware,109,0.48623853211009177,4.908256880733945,True,109,1,2023,11
China,2023-11-01,Phishing,102,0.5,5.303921568627451,True,102,1,2023,11
China,2023-11-01,Ransomware,95,0.49473684210526314,5.7894736842105265,True,95,1,2023,11
China,2023-11-01,SQL Injection,110,0.45454545454545453,5.554545454545455,True,110,1,2023,11
China,2023-11-01,Zero-Day Exploit,86,0.5,5.906976744186046,True,86,1,2023,11
China,2023-12-01,Brute Force,132,0.5303030303030303,5.454545454545454,True,132,1,2023,12
China,2023-12-01,Cross-Site Scripting,108,0.5370370370370371,5.0,True,108,1,2023,12
China,2023-12-01,DDoS,128,0.515625,5.578125,True,128,1,2023,12
China,2023-12-01,Malware,107,0.411214953271028,4.841121495327103,True,107,1,2023,12
China,2023-12-01,Phishing,114,0.47368421052631576,5.526315789473684,True,114,1,2023,12
China,2023-12-01,Ransomware,101,0.5148514851485149,5.396039603960396,True,101,1,2023,12
China,2023-12-01,SQL Injection,111,0.6036036036036037,6.027027027027027,True,111,1,2023,12
China,2023-12-01,Zero-Day Exploit,95,0.6,5.747368421052632,True,95,1,2023,12
China,2024-01-01,Brute Force,110,0.4727272727272727,4.8090909090909095,True,110,1,2024,1
China,2024-01-01,Cross-Site Scripting,104,0.5384615384615384,5.0576923076923075,True,104,1,2024,1
China,2024-01-01,DDoS,103,0.6116504854368932,5.70873786407767,True,103,1,2024,1
China,2024-01-01,Malware,86,0.5116279069767442,5.77906976744186,True,86,1,2024,1
China,2024-01-01,Phishing,104,0.5769230769230769,5.644230769230769,True,104,1,2024,1
China,2024-01-01,Ransomware,116,0.46551724137931033,5.612068965517241,True,116,1,2024,1
China,2024-01-01,SQL Injection,112,0.5267857142857143,5.232142857142857,True,112,1,2024,1
China,2024-01-01,Zero-Day Exploit,110,0.6,5.590909090909091,True,110,1,2024,1
China,2024-02-01,Brute Force,114,0.4824561403508772,5.614035087719298,True,114,1,2024,2
China,2024-02-01,Cross-Site Scripting,72,0.5277777777777778,5.055555555555555,True,72,1,2024,2
China,2024-02-01,DDoS,105,0.47619047619047616,5.438095238095238,True,105,1,2024,2
China,2024-02-01,Malware,88,0.5909090909090909,5.261363636363637,True,88,1,2024,2
China,2024-02-01,Phishing,104,0.5480769230769231,5.240384615384615,True,104,1,2024,2
China,2024-02-01,Ransomware,103,0.3883495145631068,5.485436893203883,True,103,1,2024,2
China,2024-02-01,SQL Injection,103,0.46601941747572817,5.427184466019417,True,103,1,2024,2
China,2024-02-01,Zero-Day Exploit,114,0.5,5.5964912280701755,True,114,1,2024,2
China,2024-03-01,Brute Force,118,0.4915254237288136,5.677966101694915,True,118,1,2024,3
China,2024-03-01,Cross-Site Scripting,110,0.5,5.109090909090909,True,110,1,2024,3
China,2024-03-01,DDoS,114,0.4649122807017544,5.2368421052631575,True,114,1,2024,3
China,2024-03-01,Malware,121,0.5289256198347108,5.661157024793388,True,121,1,2024,3
China,2024-03-01,Phishing,93,0.5268817204301075,5.946236559139785,True,93,1,2024,3
China,2024-03-01,Ransomware,102,0.5,5.1568627450980395,True,102,1,2024,3
China,2024-03-01,SQL Injection,105,0.47619047619047616,6.228571428571429,True,105,1,2024,3
China,2024-03-01,Zero-Day Exploit,115,0.48695652173913045,5.339130434782609,True,115,1,2024,3
China,2024-04-01,Brute Force,105,0.4380952380952381,5.514285714285714,True,105,1,2024,4
China,2024-04-01,Cross-Site Scripting,93,0.4946236559139785,5.333333333333333,True,93,1,2024,4
China,2024-04-01,DDoS,97,0.6082474226804123,5.164948453608248,True,97,1,2024,4
China,2024-04-01,Malware,91,0.5714285714285714,5.56043956043956,True,91,1,2024,4
China,2024-04-01,Phishing,117,0.452991452991453,5.64957264957265,True,117,1,2024,4
China,2024-04-01,Ransomware,105,0.5619047619047619,5.3619047619047615,True,105,1,2024,4
China,2024-04-01,SQL Injection,104,0.375,5.4423076923076925,True,104,1,2024,4
China,2024-04-01,Zero-Day Exploit,108,0.4444444444444444,5.574074074074074,True,108,1,2024,4
China,2024-05-01,Brute Force,106,0.4811320754716981,5.80188679245283,True,106,1,2024,5
China,2024-05-01,Cross-Site Scripting,106,0.4339622641509434,4.915094339622642,True,106,1,2024,5
China,2024-05-01,DDoS,105,0.5238095238095238,5.40952380952381,True,105,1,2024,5
China,2024-05-01,Malware,101,0.44554455445544555,5.207920792079208,True,101,1,2024,5
China,2024-05-01,Phishing,113,0.5398230088495575,5.176991150442478,True,113,1,2024,5
China,2024-05-01,Ransomware,115,0.5043478260869565,5.48695652173913,True,115,1,2024,5
China,2024-05-01,SQL Injection,115,0.5130434782608696,5.252173913043478,True,115,1,2024,5
China,2024-05-01,Zero-Day Exploit,107,0.4766355140186916,5.700934579439252,True,107,1,2024,5
China,2024-06-01,Brute Force,97,0.4845360824742268,5.597938144329897,True,97,1,2024,6
China,2024-06-01,Cross-Site Scripting,97,0.5051546391752577,5.103092783505154,True,97,1,2024,6
China,2024-06-01,DDoS,115,0.5217391304347826,5.643478260869565,True,115,1,2024,6
China,2024-06-01,Malware,109,0.5137614678899083,5.247706422018348,True,109,1,2024,6
China,2024-06-01,Phishing,102,0.5392156862745098,5.480392156862745,True,102,1,2024,6
China,2024-06-01,Ransomware,97,0.5051546391752577,5.463917525773196,True,97,1,2024,6
China,2024-06-01,SQL Injection,104,0.5480769230769231,5.596153846153846,True,104,1,2024,6
China,2024-06-01,Zero-Day Exploit,96,0.4270833333333333,5.572916666666667,True,96,1,2024,6
China,2024-07-01,Brute Force,105,0.49523809523809526,5.133333333333334,True,105,1,2024,7
China,2024-07-01,Cross-Site Scripting,93,0.4946236559139785,4.946236559139785,True,93,1,2024,7
China,2024-07-01,DDoS,112,0.5446428571428571,5.526785714285714,True,112,1,2024,7
China,2024-07-01,Malware,103,0.5922330097087378,5.660194174757281,True,103,1,2024,7
China,2024-07-01,Phishing,111,0.5405405405405406,5.18018018018018,True,111,1,2024,7
China,2024-07-01,Ransomware,104,0.4230769230769231,5.740384615384615,True,104,1,2024,7
China,2024-07-01,SQL Injection,89,0.4943820224719101,6.146067415730337,True,89,1,2024,7
China,2024-07-01,Zero-Day Exploit,110,0.4909090909090909,5.736363636363636,True,110,1,2024,7
China,2024-08-01,Brute Force,118,0.5254237288135594,5.796610169491525,True,118,1,2024,8
China,2024-08-01,Cross-Site Scripting,109,0.44954128440366975,5.73394495412844,True,109,1,2024,8
China,2024-08-01,DDoS,98,0.5204081632653061,5.908163265306122,True,98,1,2024,8
China,2024-08-01,Malware,124,0.49193548387096775,5.548387096774194,True,124,1,2024,8
China,2024-08-01,Phishing,103,0.46601941747572817,5.718446601941747,True,103,1,2024,8
China,2024-08-01,Ransomware,105,0.49523809523809526,5.371428571428571,True,105,1,2024,8
China,2024-08-01,SQL Injection,105,0.5333333333333333,5.714285714285714,True,105,1,2024,8
China,2024-08-01,Zero-Day Exploit,97,0.4845360824742268,5.453608247422681,True,97,1,2024,8
China,2024-09-01,Brute Force,16,0.5625,5.6875,True,16,1,2024,9
China,2024-09-01,Cross-Site Scripting,18,0.3888888888888889,6.277777777777778,True,18,1,2024,9
China,2024-09-01,DDoS,17,0.5294117647058824,6.764705882352941,True,17,1,2024,9
China,2024-09-01,Malware,26,0.4230769230769231,5.6923076923076925,True,26,1,2024,9
China,2024-09-01,Phishing,23,0.2608695652173913,4.565217391304348,True,23,1,2024,9
China,2024-09-01,Ransomware,13,0.5384615384615384,5.3076923076923075,True,13,1,2024,9
China,2024-09-01,SQL Injection,8,0.5,5.0,True,8,1,2024,9
China,2024-09-01,Zero-Day Exploit,12,0.4166666666666667,5.333333333333333,True,12,1,2024,9
France,2023-09-01,Brute Force,98,0.5306122448979592,6.071428571428571,True,98,1,2023,9
France,2023-09-01,Cross-Site Scripting,77,0.44155844155844154,5.337662337662338,True,77,1,2023,9
France,2023-09-01,DDoS,73,0.4520547945205479,4.602739726027397,True,73,1,2023,9
France,2023-09-01,Malware,83,0.5301204819277109,5.554216867469879,True,83,1,2023,9
France,2023-09-01,Phishing,94,0.44680851063829785,5.76595744680851,True,94,1,2023,9
France,2023-09-01,Ransomware,87,0.5402298850574713,5.724137931034483,True,87,1,2023,9
France,2023-09-01,SQL Injection,104,0.5865384615384616,5.6923076923076925,True,104,1,2023,9
France,2023-09-01,Zero-Day Exploit,83,0.5783132530120482,5.9156626506024095,True,83,1,2023,9
France,2023-10-01,Brute Force,103,0.5145631067961165,5.427184466019417,True,103,1,2023,10
France,2023-10-01,Cross-Site Scripting,94,0.5319148936170213,5.574468085106383,True,94,1,2023,10
France,2023-10-01,DDoS,88,0.4772727272727273,5.363636363636363,True,88,1,2023,10
France,2023-10-01,Malware,111,0.4864864864864865,5.711711711711712,True,111,1,2023,10
France,2023-10-01,Phishing,104,0.4230769230769231,5.365384615384615,True,104,1,2023,10
France,2023-10-01,Ransomware,97,0.6391752577319587,5.144329896907217,True,97,1,2023,10
France,2023-10-01,SQL Injection,98,0.5408163265306123,5.510204081632653,True,98,1,2023,10
France,2023-10-01,Zero-Day Exploit,105,0.5523809523809524,5.380952380952381,True,105,1,2023,10
France,2023-11-01,Brute Force,98,0.45918367346938777,5.928571428571429,True,98,1,2023,11
France,2023-11-01,Cross-Site Scripting,96,0.5104166666666666,5.5,True,96,1,2023,11
France,2023-11-01,DDoS,123,0.5772357723577236,5.650406504065041,True,123,1,2023,11
France,2023-11-01,Malware,105,0.5142857142857142,5.466666666666667,True,105,1,2023,11
France,2023-11-01,Phishing,105,0.44761904761904764,5.866666666666666,True,105,1,2023,11
France,2023-11-01,Ransomware,105,0.49523809523809526,5.257142857142857,True,105,1,2023,11
France,2023-11-01,SQL Injection,98,0.3673469387755102,5.908163265306122,True,98,1,2023,11
France,2023-11-01,Zero-Day Exploit,113,0.4336283185840708,5.610619469026549,True,113,1,2023,11
France,2023-12-01,Brute Force,75,0.4666666666666667,5.24,True,75,1,2023,12
France,2023-12-01,Cross-Site Scripting,121,0.48760330578512395,5.471074380165289,True,121,1,2023,12
France,2023-12-01,DDoS,96,0.5,4.822916666666667,True,96,1,2023,12
France,2023-12-01,Malware,114,0.5175438596491229,5.587719298245614,True,114,1,2023,12
France,2023-12-01,Phishing,121,0.4297520661157025,5.413223140495868,True,121,1,2023,12
France,2023-12-01,Ransomware,126,0.5238095238095238,5.404761904761905,True,126,1,2023,12
France,2023-12-01,SQL Injection,95,0.5368421052631579,5.6947368421052635,True,95,1,2023,12
France,2023-12-01,Zero-Day Exploit,103,0.5728155339805825,5.339805825242719,True,103,1,2023,12
France,2024-01-01,Brute Force,93,0.43010752688172044,5.731182795698925,True,93,1,2024,1
France,2024-01-01,Cross-Site Scripting,93,0.46236559139784944,5.989247311827957,True,93,1,2024,1
France,2024-01-01,DDoS,101,0.4752475247524752,5.178217821782178,True,101,1,2024,1
France,2024-01-01,Malware,93,0.5376344086021505,5.204301075268817,True,93,1,2024,1
France,2024-01-01,Phishing,114,0.43859649122807015,5.2368421052631575,True,114,1,2024,1
France,2024-01-01,Ransomware,125,0.504,5.824,True,125,1,2024,1
France,2024-01-01,SQL Injection,98,0.41836734693877553,5.887755102040816,True,98,1,2024,1
France,2024-01-01,Zero-Day Exploit,101,0.38613861386138615,5.227722772277228,True,101,1,2024,1
France,2024-02-01,Brute Force,85,0.49411764705882355,5.411764705882353,True,85,1,2024,2
France,2024-02-01,Cross-Site Scripting,114,0.5,5.7368421052631575,True,114,1,2024,2
France,2024-02-01,DDoS,95,0.4421052631578947,5.368421052631579,True,95,1,2024,2
France,2024-02-01,Malware,98,0.5204081632653061,5.63265306122449,True,98,1,2024,2
France,2024-02-01,Phishing,105,0.580952380952381,5.742857142857143,True,105,1,2024,2
France,2024-02-01,Ransomware,106,0.44339622641509435,5.471698113207547,True,106,1,2024,2
France,2024-02-01,SQL Injection,93,0.4838709677419355,4.559139784946237,True,93,1,2024,2
France,2024-02-01,Zero-Day Exploit,98,0.47959183673469385,5.836734693877551,True,98,1,2024,2
France,2024-03-01,Brute Force,120,0.5416666666666666,5.666666666666667,True,120,1,2024,3
France,2024-03-01,Cross-Site Scripting,115,0.5217391304347826,5.460869565217391,True,115,1,2024,3
France,2024-03-01,DDoS,104,0.4326923076923077,5.5576923076923075,True,104,1,2024,3
France,2024-03-01,Malware,98,0.5408163265306123,5.520408163265306,True,98,1,2024,3
France,2024-03-01,Phishing,110,0.4636363636363636,5.372727272727273,True,110,1,2024,3
France,2024-03-01,Ransomware,106,0.5471698113207547,5.650943396226415,True,106,1,2024,3
France,2024-03-01,SQL Injection,111,0.5225225225225225,5.621621621621622,True,111,1,2024,3
France,2024-03-01,Zero-Day Exploit,118,0.4745762711864407,5.372881355932203,True,118,1,2024,3
France,2024-04-01,Brute Force,116,0.46551724137931033,5.491379310344827,True,116,1,2024,4
France,2024-04-01,Cross-Site Scripting,88,0.5340909090909091,5.431818181818182,True,88,1,2024,4
France,2024-04-01,DDoS,104,0.5673076923076923,5.875,True,104,1,2024,4
France,2024-04-01,Malware,92,0.45652173913043476,5.086956521739131,True,92,1,2024,4
France,2024-04-01,Phishing,94,0.5,5.829787234042553,True,94,1,2024,4
France,2024-04-01,Ransomware,86,0.43023255813953487,5.77906976744186,True,86,1,2024,4
France,2024-04-01,SQL Injection,103,0.49514563106796117,5.805825242718447,True,103,1,2024,4
France,2024-04-01,Zero-Day Exploit,105,0.5142857142857142,5.8,True,105,1,2024,4
France,2024-05-01,Brute Force,99,0.5151515151515151,5.353535353535354,True,99,1,2024,5
France,2024-05-01,Cross-Site Scripting,102,0.5,4.882352941176471,True,102,1,2024,5
France,2024-05-01,DDoS,103,0.3106796116504854,5.757281553398058,True,103,1,2024,5
France,2024-05-01,Malware,99,0.5353535353535354,5.585858585858586,True,99,1,2024,5
France,2024-05-01,Phishing,102,0.5098039215686274,5.5588235294117645,True,102,1,2024,5
France,2024-05-01,Ransomware,95,0.5473684210526316,5.4526315789473685,True,95,1,2024,5
France,2024-05-01,SQL Injection,117,0.49572649572649574,5.3247863247863245,True,117,1,2024,5
France,2024-05-01,Zero-Day Exploit,137,0.6204379562043796,5.510948905109489,True,137,1,2024,5
France,2024-06-01,Brute Force,95,0.5263157894736842,6.136842105263158,True,95,1,2024,6
France,2024-06-01,Cross-Site Scripting,107,0.4672897196261682,5.429906542056075,True,107,1,2024,6
France,2024-06-01,DDoS,117,0.5128205128205128,5.478632478632479,True,117,1,2024,6
France,2024-06-01,Malware,104,0.41346153846153844,5.221153846153846,True,104,1,2024,6
France,2024-06-01,Phishing,95,0.49473684210526314,4.91578947368421,True,95,1,2024,6
France,2024-06-01,Ransomware,101,0.5742574257425742,5.376237623762377,True,101,1,2024,6
France,2024-06-01,SQL Injection,106,0.5094339622641509,5.745283018867925,True,106,1,2024,6
France,2024-06-01,Zero-Day Exploit,96,0.4270833333333333,5.833333333333333,True,96,1,2024,6
France,2024-07-01,Brute Force,98,0.5102040816326531,5.051020408163265,True,98,1,2024,7
France,2024-07-01,Cross-Site Scripting,107,0.514018691588785,5.457943925233645,True,107,1,2024,7
France,2024-07-01,DDoS,100,0.47,6.11,True,100,1,2024,7
France,2024-07-01,Malware,113,0.504424778761062,5.477876106194691,True,113,1,2024,7
France,2024-07-01,Phishing,106,0.5094339622641509,5.30188679245283,True,106,1,2024,7
France,2024-07-01,Ransomware,97,0.5773195876288659,5.804123711340206,True,97,1,2024,7
France,2024-07-01,SQL Injection,113,0.49557522123893805,5.3628318584070795,True,113,1,2024,7
France,2024-07-01,Zero-Day Exploit,103,0.4854368932038835,5.388349514563107,True,103,1,2024,7
France,2024-08-01,Brute Force,103,0.5825242718446602,5.310679611650485,True,103,1,2024,8
France,2024-08-01,Cross-Site Scripting,111,0.43243243243243246,5.207207207207207,True,111,1,2024,8
France,2024-08-01,DDoS,97,0.4329896907216495,5.742268041237113,True,97,1,2024,8
France,2024-08-01,Malware,93,0.3763440860215054,4.989247311827957,True,93,1,2024,8
France,2024-08-01,Phishing,108,0.4351851851851852,5.574074074074074,True,108,1,2024,8
France,2024-08-01,Ransomware,117,0.4700854700854701,5.3247863247863245,True,117,1,2024,8
France,2024-08-01,SQL Injection,113,0.5132743362831859,5.380530973451328,True,113,1,2024,8
France,2024-08-01,Zero-Day Exploit,118,0.5338983050847458,5.838983050847458,True,118,1,2024,8
France,2024-09-01,Brute Force,15,0.6666666666666666,5.066666666666666,True,15,1,2024,9
France,2024-09-01,Cross-Site Scripting,20,0.55,6.05,True,20,1,2024,9
France,2024-09-01,DDoS,16,0.6875,5.6875,True,16,1,2024,9
France,2024-09-01,Malware,15,0.4,5.933333333333334,True,15,1,2024,9
France,2024-09-01,Phishing,12,0.3333333333333333,3.4166666666666665,True,12,1,2024,9
France,2024-09-01,Ransomware,12,0.3333333333333333,5.833333333333333,True,12,1,2024,9
France,2024-09-01,SQL Injection,14,0.7857142857142857,5.785714285714286,True,14,1,2024,9
France,2024-09-01,Zero-Day Exploit,21,0.5714285714285714,5.190476190476191,True,21,1,2024,9
Germany,2023-09-01,Brute Force,95,0.45263157894736844,5.663157894736842,True,95,1,2023,9
Germany,2023-09-01,Cross-Site Scripting,99,0.46464646464646464,4.91919191919192,True,99,1,2023,9
Germany,2023-09-01,DDoS,77,0.4155844155844156,4.883116883116883,True,77,1,2023,9
Germany,2023-09-01,Malware,108,0.5,5.62962962962963,True,108,1,2023,9
Germany,2023-09-01,Phishing,82,0.4878048780487805,5.695121951219512,True,82,1,2023,9
Germany,2023-09-01,Ransomware,90,0.4666666666666667,5.144444444444445,True,90,1,2023,9
Germany,2023-09-01,SQL Injection,91,0.45054945054945056,5.34065934065934,True,91,1,2023,9
Germany,2023-09-01,Zero-Day Exploit,87,0.5747126436781609,5.528735632183908,True,87,1,2023,9
Germany,2023-10-01,Brute Force,104,0.5096153846153846,5.740384615384615,True,104,1,2023,10
Germany,2023-10-01,Cross-Site Scripting,101,0.5544554455445545,5.2772277227722775,True,101,1,2023,10
Germany,2023-10-01,DDoS,107,0.4485981308411215,5.186915887850467,True,107,1,2023,10
Germany,2023-10-01,Malware,119,0.5462184873949579,5.436974789915967,True,119,1,2023,10
Germany,2023-10-01,Phishing,94,0.4574468085106383,5.117021276595745,True,94,1,2023,10
Germany,2023-10-01,Ransomware,107,0.5327102803738317,4.831775700934579,True,107,1,2023,10
Germany,2023-10-01,SQL Injection,107,0.514018691588785,5.289719626168225,True,107,1,2023,10
Germany,2023-10-01,Zero-Day Exploit,100,0.5,5.46,True,100,1,2023,10
Germany,2023-11-01,Brute Force,101,0.5148514851485149,5.297029702970297,True,101,1,2023,11
Germany,2023-11-01,Cross-Site Scripting,91,0.5274725274725275,5.373626373626373,True,91,1,2023,11
Germany,2023-11-01,DDoS,89,0.5842696629213483,5.314606741573034,True,89,1,2023,11
Germany,2023-11-01,Malware,92,0.5217391304347826,5.3478260869565215,True,92,1,2023,11
Germany,2023-11-01,Phishing,87,0.47126436781609193,5.413793103448276,True,87,1,2023,11
Germany,2023-11-01,Ransomware,112,0.49107142857142855,5.660714285714286,True,112,1,2023,11
Germany,2023-11-01,SQL Injection,92,0.44565217391304346,5.510869565217392,True,92,1,2023,11
Germany,2023-11-01,Zero-Day Exploit,98,0.42857142857142855,6.030612244897959,True,98,1,2023,11
Germany,2023-12-01,Brute Force,107,0.4392523364485981,5.429906542056075,True,107,1,2023,12
Germany,2023-12-01,Cross-Site Scripting,95,0.47368421052631576,5.221052631578948,True,95,1,2023,12
Germany,2023-12-01,DDoS,119,0.5042016806722689,5.352941176470588,True,119,1,2023,12
Germany,2023-12-01,Malware,113,0.4778761061946903,5.176991150442478,True,113,1,2023,12
Germany,2023-12-01,Phishing,103,0.49514563106796117,5.912621359223301,True,103,1,2023,12
Germany,2023-12-01,Ransomware,122,0.4672131147540984,5.188524590163935,True,122,1,2023,12
Germany,2023-12-01,SQL Injection,83,0.4457831325301205,5.457831325301205,True,83,1,2023,12
Germany,2023-12-01,Zero-Day Exploit,107,0.5327102803738317,5.364485981308412,True,107,1,2023,12
Germany,2024-01-01,Brute Force,113,0.5221238938053098,5.539823008849558,True,113,1,2024,1
Germany,2024-01-01,Cross-Site Scripting,86,0.5,5.895348837209302,True,86,1,2024,1
Germany,2024-01-01,DDoS,98,0.5102040816326531,5.357142857142857,True,98,1,2024,1
Germany,2024-01-01,Malware,110,0.5,5.245454545454545,True,110,1,2024,1
Germany,2024-01-01,Phishing,110,0.509090909090909,5.209090909090909,True,110,1,2024,1
Germany,2024-01-01,Ransomware,103,0.5242718446601942,5.009708737864078,True,103,1,2024,1
Germany,2024-01-01,SQL Injection,111,0.4774774774774775,5.63063063063063,True,111,1,2024,1
Germany,2024-01-01,Zero-Day Exploit,116,0.5086206896551724,5.396551724137931,True,116,1,2024,1
Germany,2024-02-01,Brute Force,81,0.5308641975308642,5.419753086419753,True,81,1,2024,2
Germany,2024-02-01,Cross-Site Scripting,116,0.5172413793103449,5.732758620689655,True,116,1,2024,2
Germany,2024-02-01,DDoS,94,0.5638297872340425,6.1063829787234045,True,94,1,2024,2
Germany,2024-02-01,Malware,114,0.4824561403508772,6.017543859649122,True,114,1,2024,2
Germany,2024-02-01,Phishing,117,0.5299145299145299,5.6581196581196584,True,117,1,2024,2
Germany,2024-02-01,Ransomware,103,0.5242718446601942,5.388349514563107,True,103,1,2024,2
Germany,2024-02-01,SQL Injection,107,0.40186915887850466,5.429906542056075,True,107,1,2024,2
Germany,2024-02-01,Zero-Day Exploit,108,0.4166666666666667,5.268518518518518,True,108,1,2024,2
Germany,2024-03-01,Brute Force,121,0.5371900826446281,5.603305785123967,True,121,1,2024,3
Germany,2024-03-01,Cross-Site Scripting,115,0.5130434782608696,5.260869565217392,True,115,1,2024,3
Germany,2024-03-01,DDoS,99,0.5050505050505051,5.797979797979798,True,99,1,2024,3
Germany,2024-03-01,Malware,113,0.49557522123893805,5.601769911504425,True,113,1,2024,3
Germany,2024-03-01,Phishing,101,0.5247524752475248,5.574257425742574,True,101,1,2024,3
Germany,2024-03-01,Ransomware,115,0.5130434782608696,5.504347826086956,True,115,1,2024,3
Germany,2024-03-01,SQL Injection,89,0.5168539325842697,4.730337078651686,True,89,1,2024,3
Germany,2024-03-01,Zero-Day Exploit,107,0.5420560747663551,5.186915887850467,True,107,1,2024,3
Germany,2024-04-01,Brute Force,111,0.40540540540540543,5.702702702702703,True,111,1,2024,4
Germany,2024-04-01,Cross-Site Scripting,102,0.5,5.46078431372549,True,102,1,2024,4
Germany,2024-04-01,DDoS,101,0.5544554455445545,5.7227722772277225,True,101,1,2024,4
Germany,2024-04-01,Malware,92,0.5,5.608695652173913,True,92,1,2024,4
Germany,2024-04-01,Phishing,97,0.41237113402061853,5.628865979381444,True,97,1,2024,4
Germany,2024-04-01,Ransomware,106,0.5471698113207547,5.537735849056604,True,106,1,2024,4
Germany,2024-04-01,SQL Injection,114,0.5087719298245614,5.587719298245614,True,114,1,2024,4
Germany,2024-04-01,Zero-Day Exploit,107,0.45794392523364486,5.009345794392523,True,107,1,2024,4
Germany,2024-05-01,Brute Force,88,0.6136363636363636,4.988636363636363,True,88,1,2024,5
Germany,2024-05-01,Cross-Site Scripting,92,0.4782608695652174,5.065217391304348,True,92,1,2024,5
Germany,2024-05-01,DDoS,103,0.49514563106796117,5.29126213592233,True,103,1,2024,5
Germany,2024-05-01,Malware,94,0.4574468085106383,5.287234042553192,True,94,1,2024,5
Germany,2024-05-01,Phishing,106,0.5,5.518867924528302,True,106,1,2024,5
Germany,2024-05-01,Ransomware,89,0.4606741573033708,5.584269662921348,True,89,1,2024,5
Germany,2024-05-01,SQL Injection,104,0.4807692307692308,5.653846153846154,True,104,1,2024,5
Germany,2024-05-01,Zero-Day Exploit,108,0.5462962962962963,5.472222222222222,True,108,1,2024,5
Germany,2024-06-01,Brute Force,108,0.5092592592592593,5.796296296296297,True,108,1,2024,6
Germany,2024-06-01,Cross-Site Scripting,94,0.44680851063829785,5.627659574468085,True,94,1,2024,6
Germany,2024-06-01,DDoS,91,0.5604395604395604,5.4945054945054945,True,91,1,2024,6
Germany,2024-06-01,Malware,104,0.5096153846153846,5.586538461538462,True,104,1,2024,6
Germany,2024-06-01,Phishing,103,0.5922330097087378,5.310679611650485,True,103,1,2024,6
Germany,2024-06-01,Ransomware,106,0.4339622641509434,6.009433962264151,True,106,1,2024,6
Germany,2024-06-01,SQL Injection,98,0.5102040816326531,5.428571428571429,True,98,1,2024,6
Germany,2024-06-01,Zero-Day Exploit,117,0.42735042735042733,5.153846153846154,True,117,1,2024,6
Germany,2024-07-01,Brute Force,107,0.5233644859813084,5.635514018691588,True,107,1,2024,7
Germany,2024-07-01,Cross-Site Scripting,92,0.5217391304347826,5.858695652173913,True,92,1,2024,7
Germany,2024-07-01,DDoS,101,0.5445544554455446,5.02970297029703,True,101,1,2024,7
Germany,2024-07-01,Malware,115,0.5304347826086957,6.173913043478261,True,115,1,2024,7
Germany,2024-07-01,Phishing,96,0.46875,5.385416666666667,True,96,1,2024,7
Germany,2024-07-01,Ransomware,102,0.47058823529411764,6.0,True,102,1,2024,7
Germany,2024-07-01,SQL Injection,106,0.5566037735849056,5.2924528301886795,True,106,1,2024,7
Germany,2024-07-01,Zero-Day Exploit,97,0.5257731958762887,5.680412371134021,True,97,1,2024,7
Germany,2024-08-01,Brute Force,108,0.5185185185185185,5.2407407407407405,True,108,1,2024,8
Germany,2024-08-01,Cross-Site Scripting,103,0.5631067961165048,4.902912621359223,True,103,1,2024,8
Germany,2024-08-01,DDoS,114,0.5,5.7894736842105265,True,114,1,2024,8
Germany,2024-08-01,Malware,109,0.46788990825688076,5.4495412844036695,True,109,1,2024,8
Germany,2024-08-01,Phishing,111,0.5855855855855856,5.252252252252252,True,111,1,2024,8
Germany,2024-08-01,Ransomware,124,0.47580645161290325,5.782258064516129,True,124,1,2024,8
Germany,2024-08-01,SQL Injection,123,0.5121951219512195,5.544715447154472,True,123,1,2024,8
Germany,2024-08-01,Zero-Day Exploit,108,0.46296296296296297,5.462962962962963,True,108,1,2024,8
Germany,2024-09-01,Brute Force,15,0.5333333333333333,5.6,True,15,1,2024,9
Germany,2024-09-01,Cross-Site Scripting,12,0.4166666666666667,4.25,True,12,1,2024,9
Germany,2024-09-01,DDoS,18,0.5555555555555556,4.555555555555555,True,18,1,2024,9
Germany,2024-09-01,Malware,16,0.5,5.125,True,16,1,2024,9
Germany,2024-09-01,Phishing,20,0.5,4.9,True,20,1,2024,9
Germany,2024-09-01,Ransomware,17,0.4117647058823529,5.470588235294118,True,17,1,2024,9
Germany,2024-09-01,SQL Injection,17,0.5882352941176471,5.705882352941177,True,17,1,2024,9
Germany,2024-09-01,Zero-Day Exploit,17,0.4117647058823529,5.176470588235294,True,17,1,2024,9
India,2023-09-01,Brute Force,100,0.48,5.58,True,100,1,2023,9
India,2023-09-01,Cross-Site Scripting,83,0.5542168674698795,5.397590361445783,True,83,1,2023,9
India,2023-09-01,DDoS,85,0.47058823529411764,5.188235294117647,True,85,1,2023,9
India,2023-09-01,Malware,84,0.5714285714285714,5.5,True,84,1,2023,9
India,2023-09-01,Phishing,90,0.4444444444444444,5.1,True,90,1,2023,9
India,2023-09-01,Ransomware,93,0.5268817204301075,5.537634408602151,True,93,1,2023,9
India,2023-09-01,SQL Injection,78,0.5128205128205128,6.0,True,78,1,2023,9
India,2023-09-01,Zero-Day Exploit,93,0.4731182795698925,6.279569892473118,True,93,1,2023,9
India,2023-10-01,Brute Force,114,0.4824561403508772,5.842105263157895,True,114,1,2023,10
India,2023-10-01,Cross-Site Scripting,90,0.4444444444444444,5.811111111111111,True,90,1,2023,10
India,2023-10-01,DDoS,121,0.48760330578512395,5.132231404958677,True,121,1,2023,10
India,2023-10-01,Malware,94,0.574468085106383,4.882978723404255,True,94,1,2023,10
India,2023-10-01,Phishing,115,0.5130434782608696,5.243478260869566,True,115,1,2023,10
India,2023-10-01,Ransomware,101,0.5445544554455446,5.475247524752476,True,101,1,2023,10
India,2023-10-01,SQL Injection,100,0.49,5.39,True,100,1,2023,10
India,2023-10-01,Zero-Day Exploit,102,0.5196078431372549,5.0588235294117645,True,102,1,2023,10
India,2023-11-01,Brute Force,88,0.5340909090909091,5.4772727272727275,True,88,1,2023,11
India,2023-11-01,Cross-Site Scripting,94,0.5319148936170213,5.287234042553192,True,94,1,2023,11
India,2023-11-01,DDoS,112,0.5089285714285714,5.446428571428571,True,112,1,2023,11
India,2023-11-01,Malware,123,0.5528455284552846,5.2439024390243905,True,123,1,2023,11
India,2023-11-01,Phishing,99,0.5454545454545454,5.292929292929293,True,99,1,2023,11
India,2023-11-01,Ransomware,97,0.5154639175257731,5.865979381443299,True,97,1,2023,11
India,2023-11-01,SQL Injection,101,0.5148514851485149,5.6138613861386135,True,101,1,2023,11
India,2023-11-01,Zero-Day Exploit,90,0.5,5.722222222222222,True,90,1,2023,11
India,2023-12-01,Brute Force,103,0.49514563106796117,5.592233009708738,True,103,1,2023,12
India,2023-12-01,Cross-Site Scripting,106,0.5188679245283019,5.377358490566038,True,106,1,2023,12
India,2023-12-01,DDoS,116,0.5172413793103449,5.241379310344827,True,116,1,2023,12
India,2023-12-01,Malware,95,0.4842105263157895,5.484210526315789,True,95,1,2023,12
India,2023-12-01,Phishing,103,0.5339805825242718,5.407766990291262,True,103,1,2023,12
India,2023-12-01,Ransomware,96,0.5208333333333334,5.260416666666667,True,96,1,2023,12
India,2023-12-01,SQL Injection,97,0.5670103092783505,5.680412371134021,True,97,1,2023,12
India,2023-12-01,Zero-Day Exploit,98,0.47959183673469385,5.510204081632653,True,98,1,2023,12
India,2024-01-01,Brute Force,114,0.5263157894736842,5.219298245614035,True,114,1,2024,1
India,2024-01-01,Cross-Site Scripting,100,0.52,5.6,True,100,1,2024,1
India,2024-01-01,DDoS,109,0.46788990825688076,5.6422018348623855,True,109,1,2024,1
India,2024-01-01,Malware,109,0.45871559633027525,5.3577981651376145,True,109,1,2024,1
India,2024-01-01,Phishing,96,0.46875,5.395833333333333,True,96,1,2024,1
India,2024-01-01,Ransomware,108,0.46296296296296297,5.7407407407407405,True,108,1,2024,1
India,2024-01-01,SQL Injection,111,0.5495495495495496,5.126126126126126,True,111,1,2024,1
India,2024-01-01,Zero-Day Exploit,110,0.5363636363636364,5.545454545454546,True,110,1,2024,1
India,2024-02-01,Brute Force,109,0.44954128440366975,5.706422018348624,True,109,1,2024,2
India,2024-02-01,Cross-Site Scripting,96,0.5104166666666666,5.75,True,96,1,2024,2
India,2024-02-01,DDoS,97,0.5154639175257731,5.793814432989691,True,97,1,2024,2
India,2024-02-01,Malware,86,0.4418604651162791,4.953488372093023,True,86,1,2024,2
India,2024-02-01,Phishing,97,0.4742268041237113,5.216494845360825,True,97,1,2024,2
India,2024-02-01,Ransomware,99,0.5252525252525253,5.121212121212121,True,99,1,2024,2
India,2024-02-01,SQL Injection,82,0.47560975609756095,5.402439024390244,True,82,1,2024,2
India,2024-02-01,Zero-Day Exploit,98,0.40816326530612246,4.938775510204081,True,98,1,2024,2
India,2024-03-01,Brute Force,108,0.46296296296296297,5.481481481481482,True,108,1,2024,3
India,2024-03-01,Cross-Site Scripting,99,0.5050505050505051,5.808080808080808,True,99,1,2024,3
India,2024-03-01,DDoS,106,0.5188679245283019,5.481132075471698,True,106,1,2024,3
India,2024-03-01,Malware,109,0.47706422018348627,5.5504587155963305,True,109,1,2024,3
India,2024-03-01,Phishing,105,0.4,5.380952380952381,True,105,1,2024,3
India,2024-03-01,Ransomware,111,0.5225225225225225,5.648648648648648,True,111,1,2024,3
India,2024-03-01,SQL Injection,101,0.49504950495049505,5.366336633663367,True,101,1,2024,3
India,2024-03-01,Zero-Day Exploit,119,0.5462184873949579,5.26890756302521,True,119,1,2024,3
India,2024-04-01,Brute Force,96,0.3958333333333333,5.552083333333333,True,96,1,2024,4
India,2024-04-01,Cross-Site Scripting,88,0.5681818181818182,5.340909090909091,True,88,1,2024,4
India,2024-04-01,DDoS,83,0.4819277108433735,6.108433734939759,True,83,1,2024,4
India,2024-04-01,Malware,103,0.5145631067961165,5.990291262135922,True,103,1,2024,4
India,2024-04-01,Phishing,109,0.45871559633027525,5.532110091743119,True,109,1,2024,4
India,2024-04-01,Ransomware,96,0.5104166666666666,5.958333333333333,True,96,1,2024,4
India,2024-04-01,SQL Injection,106,0.5471698113207547,6.0754716981132075,True,106,1,2024,4
India,2024-04-01,Zero-Day Exploit,116,0.46551724137931033,5.077586206896552,True,116,1,2024,4
India,2024-05-01,Brute Force,103,0.5242718446601942,5.825242718446602,True,103,1,2024,5
India,2024-05-01,Cross-Site Scripting,108,0.5648148148148148,5.75,True,108,1,2024,5
India,2024-05-01,DDoS,124,0.5,5.483870967741935,True,124,1,2024,5
India,2024-05-01,Malware,95,0.5263157894736842,5.031578947368421,True,95,1,2024,5
India,2024-05-01,Phishing,100,0.56,6.13,True,100,1,2024,5
India,2024-05-01,Ransomware,103,0.4077669902912621,5.019417475728155,True,103,1,2024,5
India,2024-05-01,SQL Injection,90,0.3888888888888889,5.155555555555556,True,90,1,2024,5
India,2024-05-01,Zero-Day Exploit,133,0.49624060150375937,5.3007518796992485,True,133,1,2024,5
India,2024-06-01,Brute Force,94,0.4574468085106383,6.0212765957446805,True,94,1,2024,6
India,2024-06-01,Cross-Site Scripting,102,0.49019607843137253,5.950980392156863,True,102,1,2024,6
India,2024-06-01,DDoS,101,0.5742574257425742,5.643564356435643,True,101,1,2024,6
India,2024-06-01,Malware,122,0.4918032786885246,5.065573770491803,True,122,1,2024,6
India,2024-06-01,Phishing,84,0.4523809523809524,5.821428571428571,True,84,1,2024,6
India,2024-06-01,Ransomware,101,0.37623762376237624,5.405940594059406,True,101,1,2024,6
India,2024-06-01,SQL Injection,98,0.4897959183673469,5.244897959183674,True,98,1,2024,6
India,2024-06-01,Zero-Day Exploit,97,0.422680412371134,5.618556701030927,True,97,1,2024,6
India,2024-07-01,Brute Force,119,0.5714285714285714,5.184873949579832,True,119,1,2024,7
India,2024-07-01,Cross-Site Scripting,103,0.4854368932038835,5.854368932038835,True,103,1,2024,7
India,2024-07-01,DDoS,96,0.4583333333333333,5.541666666666667,True,96,1,2024,7
India,2024-07-01,Malware,99,0.5252525252525253,5.414141414141414,True,99,1,2024,7
India,2024-07-01,Phishing,91,0.37362637362637363,5.142857142857143,True,91,1,2024,7
India,2024-07-01,Ransomware,101,0.49504950495049505,5.069306930693069,True,101,1,2024,7
India,2024-07-01,SQL Injection,115,0.5826086956521739,5.504347826086956,True,115,1,2024,7
India,2024-07-01,Zero-Day Exploit,101,0.45544554455445546,5.762376237623762,True,101,1,2024,7
India,2024-08-01,Brute Force,98,0.4897959183673469,5.3061224489795915,True,98,1,2024,8
India,2024-08-01,Cross-Site Scripting,93,0.5591397849462365,5.247311827956989,True,93,1,2024,8
India,2024-08-01,DDoS,104,0.5192307692307693,5.461538461538462,True,104,1,2024,8
India,2024-08-01,Malware,115,0.5478260869565217,5.556521739130435,True,115,1,2024,8
India,2024-08-01,Phishing,105,0.4666666666666667,5.6380952380952385,True,105,1,2024,8
India,2024-08-01,Ransomware,101,0.44554455445544555,5.3861386138613865,True,101,1,2024,8
India,2024-08-01,SQL Injection,109,0.5045871559633027,5.009174311926605,True,109,1,2024,8
India,2024-08-01,Zero-Day Exploit,112,0.5267857142857143,5.303571428571429,True,112,1,2024,8
India,2024-09-01,Brute Force,8,0.375,4.375,True,8,1,2024,9
India,2024-09-01,Cross-Site Scripting,19,0.3684210526315789,5.2105263157894735,True,19,1,2024,9
India,2024-09-01,DDoS,9,0.4444444444444444,4.222222222222222,True,9,1,2024,9
India,2024-09-01,Malware,19,0.7894736842105263,5.631578947368421,True,19,1,2024,9
India,2024-09-01,Phishing,19,0.47368421052631576,5.578947368421052,True,19,1,2024,9
India,2024-09-01,Ransomware,23,0.43478260869565216,6.173913043478261,True,23,1,2024,9
India,2024-09-01,SQL Injection,11,0.45454545454545453,5.545454545454546,True,11,1,2024,9
India,2024-09-01,Zero-Day Exploit,17,0.5294117647058824,4.9411764705882355,True,17,1,2024,9
Russia,2023-09-01,Brute Force,83,0.4457831325301205,5.156626506024097,False,83,0,2023,9
Russia,2023-09-01,Cross-Site Scripting,75,0.38666666666666666,5.64,False,75,0,2023,9
Russia,2023-09-01,DDoS,92,0.5,5.739130434782608,False,92,0,2023,9
Russia,2023-09-01,Malware,83,0.5301204819277109,5.337349397590361,False,83,0,2023,9
Russia,2023-09-01,Phishing,98,0.45918367346938777,5.387755102040816,False,98,0,2023,9
Russia,2023-09-01,Ransomware,55,0.4727272727272727,5.818181818181818,False,55,0,2023,9
Russia,2023-09-01,SQL Injection,85,0.4823529411764706,5.364705882352941,False,85,0,2023,9
Russia,2023-09-01,Zero-Day Exploit,68,0.5588235294117647,5.426470588235294,False,68,0,2023,9
Russia,2023-10-01,Brute Force,102,0.5784313725490197,5.803921568627451,False,102,0,2023,10
Russia,2023-10-01,Cross-Site Scripting,115,0.4956521739130435,5.6869565217391305,False,115,0,2023,10
Russia,2023-10-01,DDoS,128,0.5078125,5.0390625,False,128,0,2023,10
Russia,2023-10-01,Malware,92,0.532608695652174,5.5978260869565215,False,92,0,2023,10
Russia,2023-10-01,Phishing,93,0.5161290322580645,5.010752688172043,False,93,0,2023,10
Russia,2023-10-01,Ransomware,104,0.5673076923076923,5.903846153846154,False,104,0,2023,10
Russia,2023-10-01,SQL Injection,88,0.5113636363636364,5.931818181818182,False,88,0,2023,10
Russia,2023-10-01,Zero-Day Exploit,94,0.5425531914893617,5.276595744680851,False,94,0,2023,10
Russia,2023-11-01,Brute Force,107,0.5327102803738317,5.654205607476635,False,107,0,2023,11
Russia,2023-11-01,Cross-Site Scripting,97,0.4845360824742268,5.164948453608248,False,97,0,2023,11
Russia,2023-11-01,DDoS,127,0.5118110236220472,5.700787401574803,False,127,0,2023,11
Russia,2023-11-01,Malware,92,0.40217391304347827,4.869565217391305,False,92,0,2023,11
Russia,2023-11-01,Phishing,105,0.4857142857142857,5.095238095238095,False,105,0,2023,11
Russia,2023-11-01,Ransomware,111,0.5045045045045045,5.351351351351352,False,111,0,2023,11
Russia,2023-11-01,SQL Injection,111,0.5315315315315315,5.891891891891892,False,111,0,2023,11
Russia,2023-11-01,Zero-Day Exploit,93,0.4946236559139785,5.333333333333333,False,93,0,2023,11
Russia,2023-12-01,Brute Force,115,0.4434782608695652,5.373913043478261,False,115,0,2023,12
Russia,2023-12-01,Cross-Site Scripting,97,0.4742268041237113,5.649484536082475,False,97,0,2023,12
Russia,2023-12-01,DDoS,102,0.49019607843137253,5.754901960784314,False,102,0,2023,12
Russia,2023-12-01,Malware,90,0.4444444444444444,5.355555555555555,False,90,0,2023,12
Russia,2023-12-01,Phishing,111,0.5315315315315315,5.612612612612613,False,111,0,2023,12
Russia,2023-12-01,Ransomware,111,0.5225225225225225,5.468468468468468,False,111,0,2023,12
Russia,2023-12-01,SQL Injection,88,0.5340909090909091,5.613636363636363,False,88,0,2023,12
Russia,2023-12-01,Zero-Day Exploit,100,0.5,5.42,False,100,0,2023,12
Russia,2024-01-01,Brute Force,94,0.4148936170212766,5.372340425531915,False,94,0,2024,1
Russia,2024-01-01,Cross-Site Scripting,114,0.42105263157894735,5.508771929824562,False,114,0,2024,1
Russia,2024-01-01,DDoS,112,0.4732142857142857,5.571428571428571,False,112,0,2024,1
Russia,2024-01-01,Malware,99,0.5555555555555556,5.808080808080808,False,99,0,2024,1
Russia,2024-01-01,Phishing,121,0.5371900826446281,5.702479338842975,False,121,0,2024,1
Russia,2024-01-01,Ransomware,107,0.514018691588785,6.093457943925234,False,107,0,2024,1
Russia,2024-01-01,SQL Injection,99,0.5050505050505051,5.373737373737374,False,99,0,2024,1
Russia,2024-01-01,Zero-Day Exploit,114,0.4473684210526316,5.131578947368421,False,114,0,2024,1
Russia,2024-02-01,Brute Force,104,0.40384615384615385,5.048076923076923,False,104,0,2024,2
Russia,2024-02-01,Cross-Site Scripting,90,0.5444444444444444,5.622222222222222,False,90,0,2024,2
Russia,2024-02-01,DDoS,92,0.532608695652174,5.315217391304348,False,92,0,2024,2
Russia,2024-02-01,Malware,100,0.54,5.75,False,100,0,2024,2
Russia,2024-02-01,Phishing,100,0.53,4.83,False,100,0,2024,2
Russia,2024-02-01,Ransomware,104,0.5288461538461539,5.576923076923077,False,104,0,2024,2
Russia,2024-02-01,SQL Injection,95,0.5473684210526316,5.126315789473685,False,95,0,2024,2
Russia,2024-02-01,Zero-Day Exploit,116,0.5344827586206896,5.706896551724138,False,116,0,2024,2
Russia,2024-03-01,Brute Force,109,0.5688073394495413,5.660550458715596,False,109,0,2024,3
Russia,2024-03-01,Cross-Site Scripting,115,0.5043478260869565,5.886956521739131,False,115,0,2024,3
Russia,2024-03-01,DDoS,109,0.6055045871559633,5.73394495412844,False,109,0,2024,3
Russia,2024-03-01,Malware,84,0.5238095238095238,5.345238095238095,False,84,0,2024,3
Russia,2024-03-01,Phishing,108,0.5648148148148148,5.898148148148148,False,108,0,2024,3
Russia,2024-03-01,Ransomware,94,0.5,5.170212765957447,False,94,0,2024,3
Russia,2024-03-01,SQL Injection,111,0.45045045045045046,4.864864864864865,False,111,0,2024,3
Russia,2024-03-01,Zero-Day Exploit,100,0.5,6.07,False,100,0,2024,3
Russia,2024-04-01,Brute Force,112,0.5178571428571429,5.642857142857143,False,112,0,2024,4
Russia,2024-04-01,Cross-Site Scripting,103,0.5145631067961165,5.951456310679611,False,103,0,2024,4
Russia,2024-04-01,DDoS,103,0.5242718446601942,6.0,False,103,0,2024,4
Russia,2024-04-01,Malware,105,0.5333333333333333,5.733333333333333,False,105,0,2024,4
Russia,2024-04-01,Phishing,90,0.4777777777777778,5.644444444444445,False,90,0,2024,4
Russia,2024-04-01,Ransomware,112,0.5625,5.401785714285714,False,112,0,2024,4
Russia,2024-04-01,SQL Injection,94,0.4787234042553192,5.159574468085107,False,94,0,2024,4
Russia,2024-04-01,Zero-Day Exploit,116,0.47413793103448276,5.568965517241379,False,116,0,2024,4
Russia,2024-05-01,Brute Force,122,0.4918032786885246,5.581967213114754,False,122,0,2024,5
Russia,2024-05-01,Cross-Site Scripting,112,0.5357142857142857,5.375,False,112,0,2024,5
Russia,2024-05-01,DDoS,113,0.5221238938053098,5.185840707964601,False,113,0,2024,5
Russia,2024-05-01,Malware,102,0.5294117647058824,5.6568627450980395,False,102,0,2024,5
Russia,2024-05-01,Phishing,98,0.4897959183673469,5.061224489795919,False,98,0,2024,5
Russia,2024-05-01,Ransomware,103,0.49514563106796117,5.514563106796117,False,103,0,2024,5
Russia,2024-05-01,SQL Injection,114,0.49122807017543857,5.578947368421052,False,114,0,2024,5
Russia,2024-05-01,Zero-Day Exploit,99,0.47474747474747475,5.313131313131313,False,99,0,2024,5
Russia,2024-06-01,Brute Force,93,0.44086021505376344,5.376344086021505,False,93,0,2024,6
Russia,2024-06-01,Cross-Site Scripting,98,0.41836734693877553,5.979591836734694,False,98,0,2024,6
Russia,2024-06-01,DDoS,107,0.45794392523364486,5.635514018691588,False,107,0,2024,6
Russia,2024-06-01,Malware,106,0.5,5.877358490566038,False,106,0,2024,6
Russia,2024-06-01,Phishing,94,0.5,5.638297872340425,False,94,0,2024,6
Russia,2024-06-01,Ransomware,113,0.45132743362831856,5.743362831858407,False,113,0,2024,6
Russia,2024-06-01,SQL Injection,103,0.44660194174757284,5.699029126213592,False,103,0,2024,6
Russia,2024-06-01,Zero-Day Exploit,106,0.44339622641509435,5.613207547169812,False,106,0,2024,6
Russia,2024-07-01,Brute Force,112,0.5267857142857143,5.473214285714286,False,112,0,2024,7
Russia,2024-07-01,Cross-Site Scripting,131,0.4732824427480916,5.473282442748092,False,131,0,2024,7
Russia,2024-07-01,DDoS,112,0.5178571428571429,5.544642857142857,False,112,0,2024,7
Russia,2024-07-01,Malware,102,0.5098039215686274,5.254901960784314,False,102,0,2024,7
Russia,2024-07-01,Phishing,93,0.45161290322580644,5.655913978494624,False,93,0,2024,7
Russia,2024-07-01,Ransomware,104,0.5096153846153846,5.644230769230769,False,104,0,2024,7
Russia,2024-07-01,SQL Injection,117,0.37606837606837606,5.435897435897436,False,117,0,2024,7
Russia,2024-07-01,Zero-Day Exploit,90,0.5555555555555556,5.344444444444444,False,90,0,2024,7
Russia,2024-08-01,Brute Force,93,0.40860215053763443,5.56989247311828,False,93,0,2024,8
Russia,2024-08-01,Cross-Site Scripting,112,0.45535714285714285,5.571428571428571,False,112,0,2024,8
Russia,2024-08-01,DDoS,97,0.38144329896907214,5.34020618556701,False,97,0,2024,8
Russia,2024-08-01,Malware,109,0.42201834862385323,5.541284403669724,False,109,0,2024,8
Russia,2024-08-01,Phishing,117,0.5641025641025641,5.547008547008547,False,117,0,2024,8
Russia,2024-08-01,Ransomware,120,0.4166666666666667,5.491666666666666,False,120,0,2024,8
Russia,2024-08-01,SQL Injection,111,0.5675675675675675,5.612612612612613,False,111,0,2024,8
Russia,2024-08-01,Zero-Day Exploit,119,0.4789915966386555,5.394957983193278,False,119,0,2024,8
Russia,2024-09-01,Brute Force,15,0.6,5.933333333333334,False,15,0,2024,9
Russia,2024-09-01,Cross-Site Scripting,19,0.5789473684210527,5.578947368421052,False,19,0,2024,9
Russia,2024-09-01,DDoS,18,0.5,5.611111111111111,False,18,0,2024,9
Russia,2024-09-01,Malware,15,0.4666666666666667,4.866666666666666,False,15,0,2024,9
Russia,2024-09-01,Phishing,15,0.4666666666666667,5.8,False,15,0,2024,9
Russia,2024-09-01,Ransomware,14,0.35714285714285715,3.857142857142857,False,14,0,2024,9
Russia,2024-09-01,SQL Injection,16,0.5,5.0,False,16,0,2024,9
Russia,2024-09-01,Zero-Day Exploit,11,0.45454545454545453,4.7272727272727275,False,11,0,2024,9
United Kingdom,2023-09-01,Brute Force,87,0.4827586206896552,5.2988505747126435,True,87,1,2023,9
United Kingdom,2023-09-01,Cross-Site Scripting,97,0.5360824742268041,5.556701030927835,True,97,1,2023,9
United Kingdom,2023-09-01,DDoS,106,0.5566037735849056,5.4245283018867925,True,106,1,2023,9
United Kingdom,2023-09-01,Malware,93,0.44086021505376344,5.580645161290323,True,93,1,2023,9
United Kingdom,2023-09-01,Phishing,83,0.5180722891566265,5.072289156626506,True,83,1,2023,9
United Kingdom,2023-09-01,Ransomware,93,0.3978494623655914,5.483870967741935,True,93,1,2023,9
United Kingdom,2023-09-01,SQL Injection,96,0.4479166666666667,5.40625,True,96,1,2023,9
United Kingdom,2023-09-01,Zero-Day Exploit,107,0.45794392523364486,5.271028037383178,True,107,1,2023,9
United Kingdom,2023-10-01,Brute Force,118,0.4745762711864407,5.245762711864407,True,118,1,2023,10
United Kingdom,2023-10-01,Cross-Site Scripting,101,0.4752475247524752,5.257425742574258,True,101,1,2023,10
United Kingdom,2023-10-01,DDoS,126,0.49206349206349204,5.7063492063492065,True,126,1,2023,10
United Kingdom,2023-10-01,Malware,83,0.4819277108433735,5.325301204819277,True,83,1,2023,10
United Kingdom,2023-10-01,Phishing,98,0.5,5.938775510204081,True,98,1,2023,10
United Kingdom,2023-10-01,Ransomware,102,0.49019607843137253,5.470588235294118,True,102,1,2023,10
United Kingdom,2023-10-01,SQL Injection,106,0.4339622641509434,5.518867924528302,True,106,1,2023,10
United Kingdom,2023-10-01,Zero-Day Exploit,102,0.4803921568627451,5.901960784313726,True,102,1,2023,10
United Kingdom,2023-11-01,Brute Force,104,0.49038461538461536,5.403846153846154,True,104,1,2023,11
United Kingdom,2023-11-01,Cross-Site Scripting,99,0.494949494949495,5.656565656565657,True,99,1,2023,11
United Kingdom,2023-11-01,DDoS,103,0.6116504854368932,4.961165048543689,True,103,1,2023,11
United Kingdom,2023-11-01,Malware,81,0.4691358024691358,5.518518518518518,True,81,1,2023,11
United Kingdom,2023-11-01,Phishing,90,0.5777777777777777,5.8,True,90,1,2023,11
United Kingdom,2023-11-01,Ransomware,102,0.4803921568627451,6.088235294117647,True,102,1,2023,11
United Kingdom,2023-11-01,SQL Injection,108,0.5277777777777778,6.222222222222222,True,108,1,2023,11
United Kingdom,2023-11-01,Zero-Day Exploit,119,0.5210084033613446,5.630252100840337,True,119,1,2023,11
United Kingdom,2023-12-01,Brute Force,110,0.5636363636363636,5.336363636363636,True,110,1,2023,12
United Kingdom,2023-12-01,Cross-Site Scripting,102,0.6176470588235294,5.264705882352941,True,102,1,2023,12
United Kingdom,2023-12-01,DDoS,103,0.5145631067961165,5.786407766990291,True,103,1,2023,12
United Kingdom,2023-12-01,Malware,112,0.48214285714285715,5.169642857142857,True,112,1,2023,12
United Kingdom,2023-12-01,Phishing,103,0.5728155339805825,5.689320388349515,True,103,1,2023,12
United Kingdom,2023-12-01,Ransomware,102,0.43137254901960786,5.450980392156863,True,102,1,2023,12
United Kingdom,2023-12-01,SQL Injection,102,0.5392156862745098,5.352941176470588,True,102,1,2023,12
United Kingdom,2023-12-01,Zero-Day Exploit,88,0.4772727272727273,5.465909090909091,True,88,1,2023,12
United Kingdom,2024-01-01,Brute Force,102,0.5098039215686274,4.921568627450981,True,102,1,2024,1
United Kingdom,2024-01-01,Cross-Site Scripting,110,0.509090909090909,5.654545454545454,True,110,1,2024,1
United Kingdom,2024-01-01,DDoS,100,0.52,5.38,True,100,1,2024,1
United Kingdom,2024-01-01,Malware,97,0.4536082474226804,5.391752577319588,True,97,1,2024,1
United Kingdom,2024-01-01,Phishing,96,0.4375,5.229166666666667,True,96,1,2024,1
United Kingdom,2024-01-01,Ransomware,83,0.6144578313253012,5.795180722891566,True,83,1,2024,1
United Kingdom,2024-01-01,SQL Injection,94,0.5531914893617021,5.776595744680851,True,94,1,2024,1
United Kingdom,2024-01-01,Zero-Day Exploit,110,0.4909090909090909,5.736363636363636,True,110,1,2024,1
United Kingdom,2024-02-01,Brute Force,126,0.48412698412698413,5.531746031746032,True,126,1,2024,2
United Kingdom,2024-02-01,Cross-Site Scripting,89,0.5280898876404494,6.067415730337078,True,89,1,2024,2
United Kingdom,2024-02-01,DDoS,98,0.5408163265306123,5.6938775510204085,True,98,1,2024,2
United Kingdom,2024-02-01,Malware,104,0.5865384615384616,5.1826923076923075,True,104,1,2024,2
United Kingdom,2024-02-01,Phishing,79,0.5443037974683544,5.7974683544303796,True,79,1,2024,2
United Kingdom,2024-02-01,Ransomware,102,0.4803921568627451,5.254901960784314,True,102,1,2024,2
United Kingdom,2024-02-01,SQL Injection,90,0.4666666666666667,5.033333333333333,True,90,1,2024,2
United Kingdom,2024-02-01,Zero-Day Exploit,111,0.5405405405405406,5.315315315315315,True,111,1,2024,2
United Kingdom,2024-03-01,Brute Force,118,0.4745762711864407,5.508474576271187,True,118,1,2024,3
United Kingdom,2024-03-01,Cross-Site Scripting,100,0.43,5.73,True,100,1,2024,3
United Kingdom,2024-03-01,DDoS,118,0.5084745762711864,5.372881355932203,True,118,1,2024,3
United Kingdom,2024-03-01,Malware,108,0.5370370370370371,5.574074074074074,True,108,1,2024,3
United Kingdom,2024-03-01,Phishing,103,0.5533980582524272,5.902912621359223,True,103,1,2024,3
United Kingdom,2024-03-01,Ransomware,106,0.4716981132075472,5.745283018867925,True,106,1,2024,3
United Kingdom,2024-03-01,SQL Injection,112,0.5982142857142857,5.223214285714286,True,112,1,2024,3
United Kingdom,2024-03-01,Zero-Day Exploit,124,0.532258064516129,4.895161290322581,True,124,1,2024,3
United Kingdom,2024-04-01,Brute Force,92,0.4782608695652174,5.782608695652174,True,92,1,2024,4
United Kingdom,2024-04-01,Cross-Site Scripting,80,0.525,5.6875,True,80,1,2024,4
United Kingdom,2024-04-01,DDoS,98,0.5306122448979592,5.510204081632653,True,98,1,2024,4
United Kingdom,2024-04-01,Malware,120,0.5083333333333333,5.425,True,120,1,2024,4
United Kingdom,2024-04-01,Phishing,114,0.45614035087719296,5.12280701754386,True,114,1,2024,4
United Kingdom,2024-04-01,Ransomware,102,0.5588235294117647,5.323529411764706,True,102,1,2024,4
United Kingdom,2024-04-01,SQL Injection,91,0.4725274725274725,5.2967032967032965,True,91,1,2024,4
United Kingdom,2024-04-01,Zero-Day Exploit,95,0.49473684210526314,5.294736842105263,True,95,1,2024,4
United Kingdom,2024-05-01,Brute Force,104,0.5384615384615384,5.826923076923077,True,104,1,2024,5
United Kingdom,2024-05-01,Cross-Site Scripting,108,0.5740740740740741,5.472222222222222,True,108,1,2024,5
United Kingdom,2024-05-01,DDoS,96,0.5208333333333334,5.072916666666667,True,96,1,2024,5
United Kingdom,2024-05-01,Malware,100,0.43,5.32,True,100,1,2024,5
United Kingdom,2024-05-01,Phishing,125,0.48,5.144,True,125,1,2024,5
United Kingdom,2024-05-01,Ransomware,105,0.5238095238095238,5.266666666666667,True,105,1,2024,5
United Kingdom,2024-05-01,SQL Injection,113,0.5663716814159292,5.274336283185841,True,113,1,2024,5
United Kingdom,2024-05-01,Zero-Day Exploit,110,0.5,5.509090909090909,True,110,1,2024,5
United Kingdom,2024-06-01,Brute Force,116,0.5258620689655172,5.543103448275862,True,116,1,2024,6
United Kingdom,2024-06-01,Cross-Site Scripting,124,0.45161290322580644,5.57258064516129,True,124,1,2024,6
United Kingdom,2024-06-01,DDoS,111,0.5045045045045045,5.441441441441442,True,111,1,2024,6
United Kingdom,2024-06-01,Malware,81,0.49382716049382713,5.271604938271605,True,81,1,2024,6
United Kingdom,2024-06-01,Phishing,98,0.5102040816326531,4.877551020408164,True,98,1,2024,6
United Kingdom,2024-06-01,Ransomware,98,0.5510204081632653,4.908163265306122,True,98,1,2024,6
United Kingdom,2024-06-01,SQL Injection,101,0.45544554455445546,5.663366336633663,True,101,1,2024,6
United Kingdom,2024-06-01,Zero-Day Exploit,97,0.422680412371134,5.175257731958763,True,97,1,2024,6
United Kingdom,2024-07-01,Brute Force,105,0.5428571428571428,5.980952380952381,True,105,1,2024,7
United Kingdom,2024-07-01,Cross-Site Scripting,110,0.5363636363636364,5.554545454545455,True,110,1,2024,7
United Kingdom,2024-07-01,DDoS,91,0.5934065934065934,5.824175824175824,True,91,1,2024,7
United Kingdom,2024-07-01,Malware,110,0.4727272727272727,5.6909090909090905,True,110,1,2024,7
United Kingdom,2024-07-01,Phishing,101,0.44554455445544555,5.7227722772277225,True,101,1,2024,7
United Kingdom,2024-07-01,Ransomware,117,0.5470085470085471,5.564102564102564,True,117,1,2024,7
United Kingdom,2024-07-01,SQL Injection,106,0.6132075471698113,5.6415094339622645,True,106,1,2024,7
United Kingdom,2024-07-01,Zero-Day Exploit,101,0.48514851485148514,5.5049504950495045,True,101,1,2024,7
United Kingdom,2024-08-01,Brute Force,90,0.43333333333333335,5.288888888888889,True,90,1,2024,8
United Kingdom,2024-08-01,Cross-Site Scripting,98,0.5612244897959183,5.683673469387755,True,98,1,2024,8
United Kingdom,2024-08-01,DDoS,103,0.5533980582524272,5.757281553398058,True,103,1,2024,8
United Kingdom,2024-08-01,Malware,85,0.5058823529411764,5.541176470588235,True,85,1,2024,8
United Kingdom,2024-08-01,Phishing,99,0.5252525252525253,5.353535353535354,True,99,1,2024,8
United Kingdom,2024-08-01,Ransomware,111,0.4864864864864865,5.36936936936937,True,111,1,2024,8
United Kingdom,2024-08-01,SQL Injection,103,0.4077669902912621,5.70873786407767,True,103,1,2024,8
United Kingdom,2024-08-01,Zero-Day Exploit,104,0.5673076923076923,5.6826923076923075,True,104,1,2024,8
United Kingdom,2024-09-01,Brute Force,20,0.6,5.25,True,20,1,2024,9
United Kingdom,2024-09-01,Cross-Site Scripting,11,0.6363636363636364,6.090909090909091,True,11,1,2024,9
United Kingdom,2024-09-01,DDoS,21,0.38095238095238093,5.761904761904762,True,21,1,2024,9
United Kingdom,2024-09-01,Malware,24,0.5416666666666666,5.208333333333333,True,24,1,2024,9
United Kingdom,2024-09-01,Phishing,14,0.5714285714285714,5.285714285714286,True,14,1,2024,9
United Kingdom,2024-09-01,Ransomware,21,0.6190476190476191,5.619047619047619,True,21,1,2024,9
United Kingdom,2024-09-01,SQL Injection,27,0.37037037037037035,5.962962962962963,True,27,1,2024,9
United Kingdom,2024-09-01,Zero-Day Exploit,9,0.4444444444444444,5.111111111111111,True,9,1,2024,9
United States,2023-09-01,Brute Force,102,0.5196078431372549,5.127450980392157,True,102,1,2023,9
United States,2023-09-01,Cross-Site Scripting,102,0.5098039215686274,5.578431372549019,True,102,1,2023,9
United States,2023-09-01,DDoS,96,0.5208333333333334,5.34375,True,96,1,2023,9
United States,2023-09-01,Malware,94,0.4574468085106383,5.24468085106383,True,94,1,2023,9
United States,2023-09-01,Phishing,74,0.40540540540540543,5.297297297297297,True,74,1,2023,9
United States,2023-09-01,Ransomware,87,0.4942528735632184,5.586206896551724,True,87,1,2023,9
United States,2023-09-01,SQL Injection,71,0.4647887323943662,5.0,True,71,1,2023,9
United States,2023-09-01,Zero-Day Exploit,89,0.449438202247191,5.775280898876405,True,89,1,2023,9
United States,2023-10-01,Brute Force,110,0.5272727272727272,5.7272727272727275,True,110,1,2023,10
United States,2023-10-01,Cross-Site Scripting,92,0.5543478260869565,5.521739130434782,True,92,1,2023,10
United States,2023-10-01,DDoS,94,0.40425531914893614,5.723404255319149,True,94,1,2023,10
United States,2023-10-01,Malware,108,0.48148148148148145,5.712962962962963,True,108,1,2023,10
United States,2023-10-01,Phishing,100,0.5,5.14,True,100,1,2023,10
United States,2023-10-01,Ransomware,121,0.49586776859504134,5.3884297520661155,True,121,1,2023,10
United States,2023-10-01,SQL Injection,112,0.5714285714285714,5.339285714285714,True,112,1,2023,10
United States,2023-10-01,Zero-Day Exploit,129,0.43410852713178294,5.124031007751938,True,129,1,2023,10
United States,2023-11-01,Brute Force,96,0.46875,5.427083333333333,True,96,1,2023,11
United States,2023-11-01,Cross-Site Scripting,110,0.5818181818181818,6.009090909090909,True,110,1,2023,11
United States,2023-11-01,DDoS,94,0.5319148936170213,5.4361702127659575,True,94,1,2023,11
United States,2023-11-01,Malware,107,0.4485981308411215,5.94392523364486,True,107,1,2023,11
United States,2023-11-01,Phishing,109,0.5229357798165137,5.752293577981652,True,109,1,2023,11
United States,2023-11-01,Ransomware,101,0.46534653465346537,5.366336633663367,True,101,1,2023,11
United States,2023-11-01,SQL Injection,100,0.53,5.7,True,100,1,2023,11
United States,2023-11-01,Zero-Day Exploit,105,0.4380952380952381,4.885714285714286,True,105,1,2023,11
United States,2023-12-01,Brute Force,109,0.5229357798165137,5.36697247706422,True,109,1,2023,12
United States,2023-12-01,Cross-Site Scripting,99,0.494949494949495,5.313131313131313,True,99,1,2023,12
United States,2023-12-01,DDoS,119,0.5042016806722689,5.949579831932773,True,119,1,2023,12
United States,2023-12-01,Malware,117,0.5128205128205128,5.760683760683761,True,117,1,2023,12
United States,2023-12-01,Phishing,100,0.49,5.48,True,100,1,2023,12
United States,2023-12-01,Ransomware,104,0.41346153846153844,5.028846153846154,True,104,1,2023,12
United States,2023-12-01,SQL Injection,100,0.49,5.86,True,100,1,2023,12
United States,2023-12-01,Zero-Day Exploit,96,0.4895833333333333,5.072916666666667,True,96,1,2023,12
United States,2024-01-01,Brute Force,129,0.5891472868217055,5.434108527131783,True,129,1,2024,1
United States,2024-01-01,Cross-Site Scripting,114,0.5614035087719298,5.2894736842105265,True,114,1,2024,1
United States,2024-01-01,DDoS,96,0.4583333333333333,5.729166666666667,True,96,1,2024,1
United States,2024-01-01,Malware,98,0.5714285714285714,5.551020408163265,True,98,1,2024,1
United States,2024-01-01,Phishing,84,0.5,6.214285714285714,True,84,1,2024,1
United States,2024-01-01,Ransomware,107,0.5700934579439252,5.5514018691588785,True,107,1,2024,1
United States,2024-01-01,SQL Injection,95,0.5263157894736842,4.863157894736842,True,95,1,2024,1
United States,2024-01-01,Zero-Day Exploit,92,0.4673913043478261,5.695652173913044,True,92,1,2024,1
United States,2024-02-01,Brute Force,99,0.5555555555555556,5.101010101010101,True,99,1,2024,2
United States,2024-02-01,Cross-Site Scripting,113,0.4424778761061947,5.823008849557522,True,113,1,2024,2
United States,2024-02-01,DDoS,82,0.5121951219512195,4.109756097560975,True,82,1,2024,2
United States,2024-02-01,Malware,99,0.5151515151515151,5.9393939393939394,True,99,1,2024,2
United States,2024-02-01,Phishing,104,0.46153846153846156,5.8076923076923075,True,104,1,2024,2
United States,2024-02-01,Ransomware,110,0.509090909090909,5.472727272727273,True,110,1,2024,2
United States,2024-02-01,SQL Injection,94,0.425531914893617,4.872340425531915,True,94,1,2024,2
United States,2024-02-01,Zero-Day Exploit,85,0.5058823529411764,5.5058823529411764,True,85,1,2024,2
United States,2024-03-01,Brute Force,116,0.41379310344827586,5.7844827586206895,True,116,1,2024,3
United States,2024-03-01,Cross-Site Scripting,103,0.5631067961165048,5.262135922330097,True,103,1,2024,3
United States,2024-03-01,DDoS,115,0.46956521739130436,5.48695652173913,True,115,1,2024,3
United States,2024-03-01,Malware,111,0.5135135135135135,5.783783783783784,True,111,1,2024,3
United States,2024-03-01,Phishing,111,0.5945945945945946,5.54954954954955,True,111,1,2024,3
United States,2024-03-01,Ransomware,95,0.47368421052631576,5.610526315789474,True,95,1,2024,3
United States,2024-03-01,SQL Injection,90,0.45555555555555555,6.044444444444444,True,90,1,2024,3
United States,2024-03-01,Zero-Day Exploit,103,0.6019417475728155,5.29126213592233,True,103,1,2024,3
United States,2024-04-01,Brute Force,113,0.46017699115044247,5.68141592920354,True,113,1,2024,4
United States,2024-04-01,Cross-Site Scripting,110,0.4909090909090909,4.909090909090909,True,110,1,2024,4
United States,2024-04-01,DDoS,95,0.4842105263157895,5.947368421052632,True,95,1,2024,4
United States,2024-04-01,Malware,94,0.5106382978723404,5.617021276595745,True,94,1,2024,4
United States,2024-04-01,Phishing,103,0.49514563106796117,5.669902912621359,True,103,1,2024,4
United States,2024-04-01,Ransomware,110,0.43636363636363634,5.5181818181818185,True,110,1,2024,4
United States,2024-04-01,SQL Injection,94,0.4787234042553192,6.202127659574468,True,94,1,2024,4
United States,2024-04-01,Zero-Day Exploit,107,0.6261682242990654,5.299065420560748,True,107,1,2024,4
United States,2024-05-01,Brute Force,115,0.4956521739130435,6.017391304347826,True,115,1,2024,5
United States,2024-05-01,Cross-Site Scripting,99,0.3838383838383838,5.787878787878788,True,99,1,2024,5
United States,2024-05-01,DDoS,96,0.5729166666666666,5.729166666666667,True,96,1,2024,5
United States,2024-05-01,Malware,92,0.4891304347826087,5.989130434782608,True,92,1,2024,5
United States,2024-05-01,Phishing,96,0.4479166666666667,5.791666666666667,True,96,1,2024,5
United States,2024-05-01,Ransomware,105,0.5523809523809524,5.6380952380952385,True,105,1,2024,5
United States,2024-05-01,SQL Injection,118,0.5084745762711864,5.97457627118644,True,118,1,2024,5
United States,2024-05-01,Zero-Day Exploit,116,0.4051724137931034,5.474137931034483,True,116,1,2024,5
United States,2024-06-01,Brute Force,101,0.49504950495049505,5.118811881188119,True,101,1,2024,6
United States,2024-06-01,Cross-Site Scripting,106,0.5754716981132075,5.386792452830188,True,106,1,2024,6
United States,2024-06-01,DDoS,98,0.46938775510204084,4.877551020408164,True,98,1,2024,6
United States,2024-06-01,Malware,106,0.39622641509433965,5.367924528301887,True,106,1,2024,6
United States,2024-06-01,Phishing,95,0.3894736842105263,5.273684210526316,True,95,1,2024,6
United States,2024-06-01,Ransomware,103,0.44660194174757284,5.669902912621359,True,103,1,2024,6
United States,2024-06-01,SQL Injection,112,0.5357142857142857,5.535714285714286,True,112,1,2024,6
United States,2024-06-01,Zero-Day Exploit,116,0.5775862068965517,5.870689655172414,True,116,1,2024,6
United States,2024-07-01,Brute Force,102,0.5294117647058824,5.117647058823529,True,102,1,2024,7
United States,2024-07-01,Cross-Site Scripting,124,0.5725806451612904,5.491935483870968,True,124,1,2024,7
United States,2024-07-01,DDoS,106,0.5094339622641509,5.915094339622642,True,106,1,2024,7
United States,2024-07-01,Malware,106,0.5377358490566038,5.273584905660377,True,106,1,2024,7
United States,2024-07-01,Phishing,112,0.5535714285714286,5.160714285714286,True,112,1,2024,7
United States,2024-07-01,Ransomware,115,0.4956521739130435,5.504347826086956,True,115,1,2024,7
United States,2024-07-01,SQL Injection,121,0.45454545454545453,5.909090909090909,True,121,1,2024,7
United States,2024-07-01,Zero-Day Exploit,114,0.47368421052631576,5.350877192982456,True,114,1,2024,7
United States,2024-08-01,Brute Force,122,0.6311475409836066,5.245901639344262,True,122,1,2024,8
United States,2024-08-01,Cross-Site Scripting,96,0.5104166666666666,5.552083333333333,True,96,1,2024,8
United States,2024-08-01,DDoS,91,0.4835164835164835,5.241758241758242,True,91,1,2024,8
United States,2024-08-01,Malware,100,0.48,5.76,True,100,1,2024,8
United States,2024-08-01,Phishing,122,0.5,5.204918032786885,True,122,1,2024,8
United States,2024-08-01,Ransomware,110,0.41818181818181815,5.8,True,110,1,2024,8
United States,2024-08-01,SQL Injection,85,0.5058823529411764,5.529411764705882,True,85,1,2024,8
United States,2024-08-01,Zero-Day Exploit,106,0.5471698113207547,5.433962264150943,True,106,1,2024,8
United States,2024-09-01,Brute Force,17,0.5294117647058824,5.9411764705882355,True,17,1,2024,9
United States,2024-09-01,Cross-Site Scripting,15,0.5333333333333333,4.933333333333334,True,15,1,2024,9
United States,2024-09-01,DDoS,18,0.5,5.777777777777778,True,18,1,2024,9
United States,2024-09-01,Malware,22,0.5909090909090909,5.7272727272727275,True,22,1,2024,9
United States,2024-09-01,Phishing,18,0.5555555555555556,6.388888888888889,True,18,1,2024,9
United States,2024-09-01,Ransomware,16,0.4375,5.25,True,16,1,2024,9
United States,2024-09-01,SQL Injection,17,0.47058823529411764,5.0,True,17,1,2024,9
United States,2024-09-01,Zero-Day Exploit,8,0.625,4.625,True,8,1,2024,9
